code,name,industry,stock_code,stock_name,price,stock_price,change,stock_change,remaining,turnover,convert_price,parity,premium,ytm,floor,floor_premium,rating,balance,issue_size,change_5d,stock_change_5d,list_date
110075.SH,南航转债,交通运输,600029.SH,南方航空,106.503,5.02,-0.009388525344329,-0.5940594059406,0.16986301369866,102.316112,6.17,81.361426256078,30.901097609562,-0.0163,106.2394282765,0.24809218928547,AAA,58.95924,160,-0.23792350852872,-2.5242718446602,2020-11-03
110076.SH,华海转债,医药生物,600521.SH,华海药业,117.382,17.53,-0.87319281178218,-2.6111111111111,0.21917808219177,89.991891,16.5,106.24242424242,10.485054192812,-28.693,109.64195818698,7.0593794027433,AA,18.4238,18.426,-1.6818829047659,-0.11396011396011,2020-11-25
110077.SH,洪城转债,环保,600461.SH,洪城环境,204.99,8.88,-0.57523669098245,-0.55991041433369,0.26849315068489,29.432625,4.41,201.36054421769,1.8024662162162,-172.5886,109.56529852625,87.093909072761,AA+,5.83871,18,-0.89441113904467,-0.22471910112359,2020-12-17
110081.SH,闻泰转债,电子,600745.SH,*ST闻泰,104.358,17.46,0.50368372899312,0.17211703958693,0.95342465753424,218.731766,18.36,95.098039215686,9.7372783505155,3.6604,97.890351721739,6.6070334455897,AA+,72.06658,86,0.7686216952164,3.8049940546968,2021-08-20
110084.SH,贵燃转债,公用事业,600903.SH,贵州燃气,131.008,6.29,-0.9503647979435,-2.1772939346812,1.3698630136987,62.801872,7.1,88.591549295775,47.8786645469,-11.0449,109.37608506648,19.777554590997,AA,8.15724,10,-2.3661715716596,-0.31695721077654,2022-01-18
110085.SH,通22转债,电力设备,600438.SH,通威股份,114.993,12.8,-0.97225331978437,-0.69821567106284,1.5315068493151,138.454358,34.6,36.994219653179,210.840453125,-2.4213,108.21577207781,6.2626988580912,AA+,119.83081,120,-2.672027084215,-2.1406727828746,2022-03-18
110086.SH,精工转债,建筑装饰,600496.SH,精工钢构,122.482,3.22,0.15209001112055,-0.92307692307692,1.6876712328767,38.748525,4.57,70.459518599562,73.833149068323,-4.3015,110.7081129571,10.635071566487,AA,19.99915,20,-1.8848880522289,-1.8292682926829,2022-05-23
110087.SH,天业转债,基础化工,600075.SH,新疆天业,123.782,4.42,0.76521059572459,-1.1185682326622,1.8575342465754,94.607582,5.6,78.928571428571,56.827873303167,-6.3011,106.56981297619,16.15109057914,AA+,29.97505,30,-1.7704522549261,-2.6431718061674,2022-07-19
110090.SH,爱迪转债,汽车,600933.SH,爱柯迪,131.736,13.68,-0.41651862994853,-0.79767947788252,2.1095890410959,71.595678,17.15,79.766763848396,65.15149122807,-7.2048,108.9335129967,20.932481085036,AA,15.69604,15.7,-4.1933935506393,0.21978021978022,2022-10-28
110092.SH,三房转债,基础化工,600370.SH,*ST三房,70.646,1.51,-0.97419436228816,0,2.3972602739725,42.080526,3.02,50,41.292,22.291,92.773929175939,-23.851451989249,AA,21.185,25,-3.0586620926244,0,2023-02-07
110093.SH,神马转债,基础化工,600810.SH,神马股份,124,6.28,0.93692256347223,1.6181229773463,2.5863013698631,50.295056,8.08,77.722772277228,59.541401273885,-4.5904,105.53317630697,17.49859555,AAA,22.19845,30,-1.2117494283825,-1.5673981191223,2023-04-20
110095.SH,双良转债,电力设备,600481.SH,双良节能,117.889,4.33,-0.44924464410874,-0.45977011494252,2.9835616438356,64.573104,6.18,70.064724919094,68.257279445727,-1.3407,105.4089196893,11.839681449619,AA,14.00626,26,-3.0510119326639,-0.23041474654377,2023-09-08
110097.SH,天润转债,食品饮料,600419.SH,天润乳业,144.083,8.87,-0.66255756873777,-1.4444444444445,4.1945205479451,51.563501,8.19,108.30280830281,33.037178128523,-5.372,106.30320773341,35.539654044429,AA,9.88964,9.9,-1.0289804301385,3.7426900584795,2024-11-15
110098.SH,南药转债,医药生物,600713.SH,南京医药,139.023,5.39,0.30447110771206,1.6981132075472,4.3643835616438,53.789138,4.95,108.88888888889,27.674183673469,-4.8482,104.00514001413,33.669355169472,AA+,10.81352,10.81491,-1.0153151677833,4.0540540540541,2025-01-20
110099.SH,福能转债,公用事业,600483.SH,福能股份,144.23,10.54,-0.5660078179399,0.38095238095237,5.1643835616439,120.331079,9.49,111.06427818757,29.861736242884,-5.1186,100.60961588969,43.356078566218,AA+,38.019,38.02,-2.0808581418242,0,2025-10-30
110100.SH,龙建转债,建筑装饰,600853.SH,龙建股份,123.127,3.28,-0.80003222687722,0,5.4410958904109,55.06552,4.59,71.459694989107,72.302722560976,-1.5017,101.98079825552,20.735473840381,AA,9.99976,10,-1.7397272299233,2.5,2026-02-12
110101.SH,宝钛转债,有色金属,600456.SH,宝钛股份,151.284,27.58,1.0972855214445,0.73046018991965,5.8602739726027,164.77757,30.98,89.025177533893,69.933949238579,-5.42,98.397368108198,53.748014716865,AAA,35,35,-6.42014561155,-3.633822501747,2026-07-16
110102.SH,江农转债,基础化工,600389.SH,江山股份,154.128,18.55,-0.28466435484707,-1.4346439957492,5.9150684931508,357.269753,20.64,89.874031007752,71.493364959569,-5.2493,100.6762383918,53.092728196871,AA+,11.85,11.85,-5.9719248156079,-10.169491525424,2026-08-05
110103.SH,申能转债,公用事业,600642.SH,申能股份,148.396,8.38,-5.6605212968849,-1.9883040935673,5.9424657534246,2722.981008,8.74,95.881006864989,54.771007159905,-4.9465,98.913598087641,50.025884073609,AAA,20,20,48.396,0.47961630695445,2026-08-13
111000.SH,起帆转债,电力设备,605222.SH,起帆电缆,139.057,19.95,-0.29469125534173,-0.050100200400809,0.77534246575351,84.550887,17.29,115.38461538462,20.516066666667,-22.3128,113.35327622348,22.675766094178,AA-,9.99115,10,-5.2693607281051,0.91047040971168,2021-06-17
111002.SH,特纸转债,轻工制造,605007.SH,五洲特纸,141.891,15.38,-0.8698021462106,0,1.317808219178,71.65672,13.49,114.01037805782,24.454459687906,-15.573,111.44080906076,27.324093566691,AA,6.61882,6.7,-2.971888099455,-2.6582278481013,2021-12-30
111003.SH,聚合转债,基础化工,605166.SH,聚合顺,142.064,8.42,2.0560049424577,-4.1002277904328,1.5616438356165,76.390851,8.85,95.141242937853,49.319049881235,-11.5864,113.74244506133,24.899724041798,AA-,2.03513,2.04,1.5475450146177,-2.883506343714,2022-04-19
111004.SH,明新转债,汽车,605068.SH,明新旭腾,129.633,18.92,-0.41942248749798,-1.0460251046025,1.6246575342466,70.099041,24.37,77.636438243742,66.974429704017,-5.9426,113.59185261212,14.121741145167,AA-,6.71502,6.73,-3.3815308936424,-9.9476439790576,2022-04-25
111009.SH,盛泰转债,纺织服饰,605138.SH,盛泰集团,123.419,5.89,-0.11896476376997,0.34071550255536,2.2328767123288,20.261416,10.51,56.04186489058,120.22643293718,-3.8278,109.16622910445,13.056025670644,AA,7.01045,7.0118,-2.0709519237636,3.6971830985915,2022-12-01
111012.SH,福新转债,基础化工,605488.SH,福莱新材,374.563,29.9,-2.110093901008,-2.3514043109079,2.3917808219178,279.169863,11.11,269.12691269127,39.177087959866,-38.474,107.5978806167,248.11373407469,A+,1.01629,4.29018,-1.2105930851134,7.0150322118826,2023-02-07
111014.SH,李子转债,食品饮料,605337.SH,李子园,124.785,9.66,-0.1184634964341,-1.9289340101523,2.8493150684931,18.909361,18.14,53.252480705623,134.32711180124,-2.7755,109.77269219061,13.675812727016,AA,5.99922,6,-0.60931899641577,2.0063357972545,2023-07-13
111015.SH,东亚转债,医药生物,605177.SH,东亚药业,130.007,18.57,0.15098874517568,-0.21493820526598,2.8931506849315,99.166546,20.28,91.568047337278,41.97856542811,-3.1972,104.13310737556,24.846941838705,AA-,6.66214,6.9,0.63785482609942,10.733452593918,2023-08-02
111017.SH,蓝天转债,公用事业,605368.SH,蓝天燃气,132.442,6.58,0.16487173281705,0.45801526717558,3.0027397260274,33.297565,6.72,97.916666666667,35.259914893617,-4.8907,108.56609629109,21.992044040055,AA,6.71534,8.7,-1.6952926680819,-0.60422960725076,2023-09-08
111018.SH,华康转债,基础化工,605077.SH,华康股份,124.536,10.93,-0.44208523531246,-0.54595086442221,3.3643835616438,58.843216,15.96,68.483709273183,81.847626715462,-1.292,109.61557105069,13.611596241571,AA-,13.02213,13.03023,-3.2722584253082,-1.1754068716094,2024-01-15
111020.SH,合顺转债,基础化工,605166.SH,聚合顺,134.415,8.42,-0.68126233033095,-4.1002277904328,3.9369863013699,36.94184,10.53,79.962013295347,68.09856888361,-3.0302,107.44454174095,25.101748140991,AA-,3.3798,3.38,-2.3381020540132,-2.883506343714,2024-08-15
111021.SH,奥锐转债,医药生物,605116.SH,奥锐特,137.812,20.83,-0.9473154603608,-1.6060462919225,3.9479452054795,59.705835,24.6,84.674796747967,62.75445031205,-3.642,107.31106907221,28.42291218557,AA-,8.12086,8.1212,-2.9977968762098,1.3625304136253,2024-08-15
111022.SH,锡振转债,汽车,605319.SH,无锡振华,160.562,24.5,-0.95918379935477,-0.36600244001627,4.8438356164384,39.001371,22.39,109.42384993301,46.734007346939,-6.315,102.52075048757,56.614148098217,AA-,5.19735,5.2,-4.9524057586664,-2.390438247012,2025-07-14
111024.SH,澳弘转债,电子,605058.SH,澳弘电子,148.225,27.18,-0.59152152481105,1.9504876219055,5.3260273972603,31.610414,33.54,81.037567084079,82.908995584989,-4.5989,99.027883017198,49.68006533499,AA-,5.79944,5.8,-4.3302309370442,0.33222591362126,2026-01-16
111025.SH,圣泉转债,基础化工,605589.SH,圣泉集团,169.249,42.48,0.64939312666138,3.3828182039425,5.8630136986301,492.96275,42.38,100.23596035866,68.850579566855,-6.9364,98.444765033882,71.922803555627,AA+,25,25,0.12541632896939,0.23596035865973,2026-07-21
113039.SH,嘉泽转债,公用事业,601619.SH,嘉泽新能,149.251,4.32,-3.7773193217717,-3.3557046979866,0.027397260274029,410.919187,2.89,149.48096885813,-0.15384490740741,-1008.8114,107.86983675729,38.362126509768,AA,1.74269,13,-7.7969012553128,-7.4946466809422,2020-09-17
113042.SH,上银转债,银行,601229.SH,上海银行,117.369,9.42,-0.078323869199137,1.1815252416756,0.44931506849321,345.694975,8.35,112.81437125749,4.0372770700637,-10.181,111.26837935843,5.4827981469166,AAA,199.77432,200,0.26054124239733,2.2801302931596,2021-02-10
113043.SH,财通转债,非银金融,601108.SH,财通证券,124.927,8.83,-0.087973959707926,-1.6703786191537,0.32328767123295,151.01154,7.98,110.65162907268,12.901184597961,-46.8637,105.50254297475,18.411363818876,AAA,37.99362,38,-2.7396727029257,4.3735224586288,2020-12-28
113046.SH,金田转债,有色金属,601609.SH,金田股份,132.265,10.95,3.7877242266828,10.050251256281,0.60273972602749,853.232095,10.18,107.56385068762,22.964173515982,-27.9285,109.01326707453,21.329268949965,AA+,14.99174,15,-1.5152643335816,4.7846889952153,2021-04-12
113048.SH,晶科转债,公用事业,601778.SH,晶科科技,118.388,3.82,-1.4312238254223,-1.7994858611825,0.69041095890407,75.647486,4.47,85.458612975392,38.532554973822,-7.8153,110.82838660626,6.8210082499906,AA,15.45297,30,-3.8598029900683,-1.5463917525773,2021-05-31
113049.SH,长汽转债,汽车,601633.SH,长城汽车,107.249,15.42,-0.33732297513288,-0.58027079303675,0.82191780821927,71.939454,38.72,39.824380165289,169.30488197147,-0.2825,105.70167833051,1.4638572385339,AAA,34.95023,35,-1.1657481983891,-1.0269576379974,2021-07-08
113051.SH,节能转债,公用事业,601016.SH,节能风电,127.171,3.55,-1.9203924078944,-4.0540540540541,0.85205479452065,150.289995,3.33,106.60660660661,19.28998028169,-15.8467,108.61956388211,17.079276932128,AA+,26.51936,30,-3.8004463103748,0,2021-07-22
113052.SH,兴业转债,银行,601166.SH,兴业银行,115.318,18.03,-0.4291326684799,-0.7705008255366,1.3698630136987,629.87201,20.13,89.56780923994,28.749381031614,-2.5938,108.99587580413,5.8003334064018,AAA,413.51821,500,-1.554563381965,-1.690294438386,2022-01-14
113053.SH,隆22转债,电力设备,601012.SH,隆基绿能,121.176,12.65,-0.68680643204878,-0.39370078740157,1.3945205479451,101.030564,17.5,72.285714285714,67.634782608696,-7.6311,106.30106203239,13.993216702834,AAA,69.9461,70,-1.474916659891,-2.1655065738592,2022-02-17
113054.SH,绿动转债,环保,601330.SH,绿色动力,123.492,7.09,0.029160186625196,-1.115760111576,1.5342465753424,77.197002,8.67,81.776239907728,51.012078984485,-6.8926,108.16211042875,14.173068101648,AA+,23.59856,23.6,-2.0860588473157,-0.70028011204482,2022-03-23
113056.SH,重银转债,银行,601963.SH,重庆银行,126.6,10.81,-0.51080550098232,-1.2785388127854,1.6054794520549,236.430052,9.22,117.24511930586,7.9789084181314,-7.1832,109.74415554917,15.359218326012,AAA,115.62819,130,-1.09375,0.4646840148699,2022-04-14
113058.SH,友发转债,钢铁,601686.SH,友发集团,134.091,5.12,0.11273704643871,-0.38910505836575,1.6246575342466,109.003477,4.48,114.28571428571,17.329625,-9.6912,110.83619320234,20.98123918349,AA,18.63837,20,-2.958481390081,-0.96711798839458,2022-04-26
113059.SH,福莱转债,电力设备,601865.SH,福莱特,119.49,10.75,-0.28040658955485,-0.83025830258302,1.7643835616439,54.426965,41.56,25.866217516843,361.95389767442,-2.7514,110.55486118729,8.0820858682735,AA,39.99851,40,-2.8062469497316,-8.5106382978723,2022-06-13
113062.SH,常银转债,银行,601128.SH,常熟银行,128.665,6.09,-0.1776653684423,-0.65252854812398,2.0876712328768,114.152832,5.25,116,10.918103448276,-7.6154,105.77130796542,21.644520120772,AA+,59.99423,60,-1.0406251442108,-0.49019607843138,2022-10-17
113066.SH,平煤转债,煤炭,601666.SH,平煤股份,152.784,9.59,1.2511928745626,6.6740823136819,2.5863013698631,244.456327,7.46,128.55227882038,18.84970177268,-12.1366,105.3380880292,45.041554160012,AAA,14.27508,29,-3.4808647200778,7.2706935123043,2023-04-10
113067.SH,燃23转债,公用事业,601139.SH,深圳燃气,127.329,6.21,0.24090125410359,-0.32102728731943,2.9506849315069,54.911034,7.24,85.773480662983,48.447980676329,-4.8965,104.82557469237,21.467495287926,AAA,29.99894,30,-2.4665068288535,-2.0504731861199,2023-08-18
113070.SH,渝水转债,环保,601158.SH,重庆水务,126.56,4.12,-0.091572199943162,-0.96153846153846,4.4054794520548,77.291506,4.72,87.28813559322,44.991067961165,-2.9111,103.34447594208,22.464213830775,AAA,18.99849,19,-1.1666953004201,0,2025-02-13
113605.SH,大参转债,医药生物,603233.SH,大参林,114.705,17.91,-0.18621811884893,-0.16722408026756,0.18904109589039,76.883541,16.86,106.22775800712,7.9802512562814,-21.6981,109.69111974629,4.5709080783419,AA,14.04494,14.05,0.65992119558063,2.2844089091947,2020-11-13
113610.SH,灵康转债,医药生物,603669.SH,灵康药业,122.673,6.29,-0.28936267058986,0,0.29863013698628,30.373154,6.5,96.769230769231,26.768600953895,-20.9452,112.30312265198,9.2338281457712,AA-,2.52779,5.25,-0.80617773105846,1.2882447665056,2020-12-22
113615.SH,金诚转债,有色金属,603979.SH,金诚信,750.972,76.65,1.9606778261879,5.9726254666114,0.35890410958905,519.978758,11.12,689.29856115108,8.947275146771,-237.0717,111.39700959175,574.14017912347,AA,4.95824,10,-9.5174122219906,-3.2074756913752,2021-01-14
113616.SH,韦尔转债,电子,603501.SH,豪威集团,109.899,91.08,-0.03638381284166,1.1775161075317,0.37260273972606,55.332082,159.02,57.275814362973,91.876800395257,0.2467,109.39571731866,0.46005702387076,AA+,24.32333,24.4,-0.80511954942188,1.4705882352941,2021-01-22
113625.SH,江山转债,轻工制造,603208.SH,江山欧派,116.478,11.35,0.015455950540959,-1.3900955690704,0.82465753424663,21.865246,19.84,57.207661290323,103.60559647577,1.5845,112.27200055114,3.7462585757903,AA-,5.82531,5.83,-0.094349332692901,4.8983364140481,2021-07-01
113627.SH,太平转债,纺织服饰,603877.SH,太平鸟,115.288,12.66,-0.058947952425533,0.15822784810126,0.91780821917814,57.293833,20.61,61.426491994178,87.684492890995,-4.9975,108.46344179605,6.2920354461731,AA,7.99745,8,-2.3983880935651,0.15822784810126,2021-08-06
113631.SH,皖天转债,公用事业,603689.SH,皖天然气,136.329,7.44,-0.20131182103014,0.40485829959515,1.2356164383561,35.477209,6.51,114.28571428571,19.287875,-14.9977,109.69357636026,24.281662175244,AA+,5.95766,9.3,-1.4728945485556,0.40485829959515,2021-12-10
113633.SH,科沃转债,家用电器,603486.SH,科沃斯,113.379,55.9,-0.12068783255224,-0.3031924380239,1.2958904109589,47.047138,172.97,32.317742961207,250.82586100179,-1.0898,109.5213722283,3.5222602613629,AA,10.39547,10.4,-6.2813073451371,-3.4875690607735,2021-12-29
113634.SH,珀莱转债,美容护理,603605.SH,珀莱雅,122.771,57.18,-0.77908433345456,-2.3065094823168,1.317808219178,32.523083,94.27,60.655563806089,102.4068235397,-3.755,114.37784578688,7.3380943270752,AA,7.50722,7.51713,-3.1124965473701,-0.93555093555093,2022-01-04
113636.SH,甬金转债,钢铁,603995.SH,甬金股份,133.689,24.77,0.037414227882566,0.56841250507511,1.331506849315,51.191114,26.22,94.469870327994,41.514960839725,-9.3751,114.4250002601,16.835481491031,AA-,9.99498,10,-1.6414067098293,4.1193778898697,2021-12-31
113638.SH,台21转债,纺织服饰,603055.SH,台华新材,125.446,8.96,-0.39304118595216,-0.22271714922049,1.3753424657534,24.946514,16.01,55.965021861337,124.15072098214,-6.9132,111.32232575381,12.687189340097,AA,5.99728,6,0.49749649509313,9.2682926829268,2022-01-21
113640.SH,苏利转债,基础化工,603585.SH,苏利股份,131.655,10.06,-0.24624943173207,-0.49455984174084,1.509589041096,50.29807,10.84,92.80442804428,41.862842942346,-7.5993,113.42434210613,16.072967720468,AA-,7.38953,9.57211,-3.1136393741813,-0.59288537549406,2022-03-10
113643.SH,风语转债,传媒,603466.SH,风语筑,147.383,12.57,-3.2259547197563,-8.3819241982507,1.6109589041096,493.521516,11.8,106.52542372881,38.35476531424,-13.4751,113.13007041919,30.277475700213,AA-,4.99271,5,0.77401180162871,10.748898678414,2022-04-22
113646.SH,永吉转债,轻工制造,603058.SH,永吉股份,167.679,9.77,0.75954691584293,-0.71138211382114,1.6657534246576,45.572465,8.05,121.36645962733,38.159257932446,-22.4887,106.28755624406,57.759765983308,AA-,1.37166,1.45868,-3.4529814136668,-3.2673267326733,2022-05-17
113647.SH,禾丰转债,农林牧渔,603609.SH,禾丰股份,117.9,6.23,-0.72247764361137,-1.2678288431062,1.6876712328767,39.495832,10.09,61.744301288404,90.948796147673,-2.0946,110.7081129571,6.4962601663006,AA,14.66857,15,-2.5965979032245,0.64620355411955,2022-05-18
113648.SH,巨星转债,农林牧渔,603477.SH,巨星农牧,117.052,14.52,-2.302793566534,-5.2219321148825,1.695890410959,60.565788,24.84,58.454106280193,100.24598347107,-2.4683,108.30307247752,8.0781895862589,AA-,8.99726,10,-4.4528067783882,-3.3288948069241,2022-05-17
113649.SH,丰山转债,基础化工,603810.SH,丰山集团,133.235,12.11,-0.080994127925707,1.000834028357,1.868493150685,30.676007,13.61,88.978692138134,49.738096614368,-6.7758,112.3584034386,18.580360633916,AA-,4.57734,5,-1.8519473439952,3.9484978540772,2022-07-21
113650.SH,博22转债,基础化工,603916.SH,苏博特,123.422,11.05,0.13386663637764,1.2832263978002,1.8794520547945,26.271957,23.27,47.486033519553,159.91221176471,-2.8281,112.33155597237,9.8729550495677,AA-,7.99557,8,-3.1574156897823,-4.7413793103448,2022-07-28
113652.SH,伟22转债,环保,603568.SH,伟明环保,128.386,15.61,0.18415918845103,0.45045045045045,1.9369863013699,49.800111,19.02,82.071503680336,56.431884689302,-6.9462,108.28770369692,18.560090958553,AA,14.76619,14.77,-2.8387204189591,1.2978585334199,2022-08-12
113655.SH,欧22转债,轻工制造,603833.SH,欧派家居,120.735,31.59,-0.83041742644522,-2.5300833076211,1.9753424657533,53.816926,51.54,61.292200232829,96.98264957265,-2.9734,110.13505507998,9.6244968618943,AA,19.99906,20,-1.5509185645441,-0.12646221941195,2022-09-01
113656.SH,嘉诚转债,交通运输,603535.SH,嘉诚国际,122.276,6.48,-0.42427746606188,-3.7147102526003,2.0493150684931,30.284331,10.35,62.608695652174,95.301944444444,-1.5503,108.62011384451,12.57215231337,AA-,7.99872,8,-1.9249895729732,2.2082018927445,2022-10-12
113659.SH,莱克转债,家用电器,603355.SH,莱克电气,130.441,27.22,-0.17066674830097,0.29476787030213,2.1671232876713,47.923341,31.72,85.813366960908,52.005456282145,-6.4092,109.2877407889,19.355564547688,AA,11.9981,12,-3.0553243355729,-3.1661330487371,2022-11-15
113660.SH,寿22转债,医药生物,603896.SH,寿仙谷,123.668,15.14,-0.4804248984026,-2.0698576972833,2.2602739726028,8.564357,36.84,41.096634093377,200.92002113606,-3.0337,109.80836402958,12.621657824435,AA-,3.97688,3.98,-1.8507936507936,2.9231815091774,2022-12-12
113661.SH,福22转债,电力设备,603806.SH,福斯特,138.099,15.24,-0.12439340136399,0.19723865877712,2.2739726027398,79.483415,14.59,104.45510623715,32.208950787402,-8.4772,109.05285606218,26.634922721567,AA,30.29742,30.3,-3.4198434844638,-2.3702754644459,2022-12-22
113665.SH,汇通转债,建筑装饰,603176.SH,汇通集团,124.043,4.73,-0.11514985586137,1.2847965738758,2.33698630137,23.241531,6.28,75.31847133758,64.69134038055,-1.9719,107.150382561,15.765335629472,AA-,3.59626,3.6,-1.6912749550235,3.7280701754386,2023-01-11
113666.SH,爱玛转债,汽车,603529.SH,爱玛科技,122.157,20.53,0.057336161917316,-2.0047732696897,2.5287671232877,68.906296,37.06,55.396654074474,120.51331807112,-2.9806,108.51833247971,12.568076940221,AA,19.99494,20,-1.7114029159023,-1.81731229077,2023-03-20
113667.SH,春23转债,电子,603890.SH,春秋电子,214.702,22.09,4.2835008232831,8.0195599022005,2.5890410958905,5282.209976,9.95,222.01005025126,-3.2917655047533,-20.7645,111.61331655225,92.362351224897,AA-,3.85109,5.7,7.6098015727825,15.473078933612,2023-04-11
113670.SH,金23转债,轻工制造,603180.SH,金牌家居,122.413,15.62,0.17184520838277,1.8917155903457,2.6739726027397,25.259958,37.54,41.60895045285,194.19872087068,-1.2892,112.9923699005,8.3374037625697,AA,7.6999,7.7,-1.4578503348789,5.8265582655827,2023-05-16
113671.SH,武进转债,钢铁,603878.SH,武进不锈,127.627,4.99,-0.01253496078908,0.40241448692154,2.9041095890411,17.935878,7.88,63.324873096447,101.54323847695,-4.0736,107.76692264817,18.428731992898,AA,3.09302,3.1,-2.3160585673502,1.0121457489879,2023-08-03
113673.SH,岱美转债,汽车,603730.SH,岱美股份,189.175,10.07,0.0015858583722825,-1.3712047012733,2.9260273972602,192.560052,7.12,141.43258426966,33.756305858987,-15.7477,109.6257604202,72.564367421383,AA,9.07839,9.07939,-1.725741180382,-0.39564787339267,2023-08-10
113674.SH,华设转债,建筑装饰,603018.SH,华设集团,129.333,5.3,-0.064906465147549,-0.56285178236398,2.9342465753425,38.374462,6.95,76.258992805755,69.597047169811,-3.8911,109.61003099258,17.993762823363,AA,3.99862,4,-2.0590373489231,0.95238095238095,2023-08-15
113677.SH,华懋转债,汽车,603306.SH,华懋科技,312.332,73,4.025365866656,1.3888888888889,3.0849315068492,807.740246,33.66,216.87462863933,44.015001643836,-27.7764,107.91091123427,189.43505010532,AA-,10.48963,10.5,-2.4215594080286,-0.041079008626593,2023-10-12
113678.SH,中贝转债,通信,603220.SH,中贝通信,149.764,20.34,0.95451236282255,2.7791814047499,3.1808219178083,270.474666,20.47,99.364924279433,50.721193706981,-6.7608,104.47626240848,43.347394467892,A+,5.1059,5.17,-2.5994888170602,3.1440162271805,2023-11-21
113679.SH,芯能转债,公用事业,603105.SH,芯能科技,124.328,7.07,-0.035377737754476,-1.39470013947,3.2,18.723116,12.55,56.334661354582,120.69538896747,-1.2559,110.46941919453,12.5451739554,AA-,8.79852,8.8,-2.5444055998871,-1.8055555555556,2023-11-24
113680.SH,丽岛转债,有色金属,603937.SH,丽岛新材,135.801,11.37,0.043464808239158,0.70859167404783,3.2547945205479,34.826398,12.91,88.071262587142,54.194451187335,-3.7375,103.83848792818,30.780987579412,A+,2.99844,3,-2.4137683242311,1.9730941704036,2023-12-05
113681.SH,镇洋转债,基础化工,603213.SH,镇洋发展,139.599,13.85,-0.31206261247109,-0.431344356578,3.3753424657534,41.601197,10.95,126.48401826484,10.368884476534,-4.6279,109.58491540604,27.388883299089,AA-,5.47585,6.6,-1.2233952224612,-0.431344356578,2024-01-17
113682.SH,益丰转债,医药生物,603939.SH,益丰药房,129.59,24.03,-0.33148491397542,0,3.5534246575342,65.23843,31.44,76.431297709924,69.550961298377,-3.5358,107.31104668192,20.761099632284,AA,17.97232,17.97432,0.030103974496542,8.4875846501129,2024-03-27
113686.SH,泰瑞转债,机械设备,603289.SH,泰瑞机器,154.921,8.94,-0.51310043668123,0.44943820224718,3.8821917808218,153.379652,8,111.75,38.631767337808,-6.5705,107.79980754497,43.711759351127,AA-,3.36323,3.378,0.5360329666764,8.1015719467956,2024-07-24
113688.SH,国检转债,社会服务,603060.SH,国检集团,135.003,5.44,-0.97409980121909,-0.36630036630036,4.1753424657534,30.533867,6.45,84.341085271318,60.067895220588,-3.5652,108.14304642825,24.837430106583,AA+,7.99746,8,-4.2396084551,-0.36630036630036,2024-11-12
113691.SH,和邦转债,基础化工,603077.SH,和邦生物,145.524,2.37,-0.34513928835565,0.85106382978723,4.2054794520548,139.525316,2,118.5,22.805063291139,-5.5859,106.28147203208,36.923207044094,AA,45.99087,46,-5.0092037755062,-1.6597510373444,2024-11-19
113692.SH,保隆转债,汽车,603197.SH,保隆科技,131.215,30.4,0.088482749677735,-0.55610075237161,4.2136986301371,45.965936,39.16,77.630234933606,69.025638157895,-3.4479,104.90854628049,25.075605994172,AA,13.89697,13.9,-2.0776274449809,1.6722408026756,2024-11-27
113693.SH,志邦转债,轻工制造,603801.SH,志邦家居,122.495,5.93,0.15862503168413,0.16891891891892,4.5917808219178,22.085341,11.13,53.279424977538,129.9105143339,-1.5209,104.92020303559,16.750631866813,AA,6.69981,6.7,-1.4354798477619,2.7729636048527,2025-04-08
113694.SH,清源转债,电力设备,603628.SH,清源股份,126.417,9.53,-0.35391673103905,-0.41797283176594,4.6493150684933,16.521115,12.85,74.163424124514,70.457339979014,-1.3674,94.594592015215,33.64083221551,A+,4.99932,5,-2.2674913026672,0.63357972544877,2025-04-25
113695.SH,华辰转债,电力设备,603097.SH,江苏华辰,148.246,19.99,-1.1910712976478,-2.8668610301263,4.8493150684931,79.736054,16.68,119.84412470024,23.699013506753,-4.546,93.507741161042,58.538745733026,A+,4.59663,4.6,-5.7271131686719,-5.1257712387281,2025-07-10
113696.SH,伯25转债,汽车,603596.SH,伯特利,133.098,26.44,-0.69833027440797,-2.4714127628181,4.8794520547945,80.687341,35.16,75.199089874858,76.994163388805,-3.2654,103.44787057979,28.661904062432,AA,28.01794,28.02,-2.5429996119235,-0.75075075075075,2025-07-28
113697.SH,应流转债,机械设备,603308.SH,应流股份,161.049,48.98,-1.4990825688073,1.198347107438,0.038356164383458,785.428027,30.31,161.59683272847,-0.33901204573294,-986.771,99.925124632466,61.169676387549,AA+,14.65422,15,-1.7220862751799,0.94806265457542,2025-10-22
113698.SH,凯众转债,汽车,603037.SH,凯众股份,139.82,10.41,-0.16992960059404,1.0679611650485,5.0027397260274,24.802207,12.55,82.948207171315,68.563016330451,-4.102,98.491595249822,41.961351773569,AA-,3.08346,3.08447,-3.155649138361,1.7595307917889,2025-09-10
113699.SH,金25转债,有色金属,603979.SH,金诚信,187.388,76.65,-1.6279155226811,5.9726254666114,5.1178082191782,210.555471,62.8,122.05414012739,53.528589693412,-9.1137,104.81849193728,78.773798913393,AA,19.99773,20,-10.896183126251,-3.2074756913752,2025-10-27
113700.SH,海天转债,环保,603759.SH,海天股份,130.376,7.35,-0.4953253195955,0,5.4794520547946,15.044254,12.41,59.226430298147,120.13145034014,-2.5253,101.72757930645,28.16190151075,AA,8.00995,8.01,-2.1818072686894,1.8005540166205,2026-03-12
113701.SH,祥和转债,机械设备,603500.SH,祥和实业,148.056,9.5,-1.3624159732447,-4.3303121852971,5.5506849315068,45.738913,13.37,71.054599850411,108.36933894737,-3.9294,89.98922230433,64.526369057059,A+,4,4,-3.7178178223745,-1.4522821576764,2026-03-26
113702.SH,斯达转债,电子,603290.SH,斯达半导,166.415,87.12,-2.0696513899677,0.49602030222633,5.6712328767123,300.162517,104.79,83.137703979387,100.16790461433,-6.8851,99.176312080405,67.79712464513,AA+,15,15,-9.9471311763719,-1.592680447306,2026-05-11
113703.SH,翔26转债,家用电器,603112.SH,华翔股份,136.813,14.92,-1.4627927746248,-0.92961487383799,5.8164383561643,65.232552,21.94,68.003646308113,101.1848002681,-2.8726,97.178824922701,40.784785274802,AA-,13.0102,13.0102,-5.3583657883632,-0.79787234042553,2026-07-07
113704.SH,春风转债,汽车,603129.SH,春风动力,176.756,284.99,3.1230491881706,1.2433834239227,5.8219178082193,333.063336,241.7,117.91063301614,49.906751815853,-7.5798,100.7109480552,75.508227668665,AA+,21.78763,21.78763,-8.0554717491495,-2.7371079485342,2026-07-07
113705.SH,豪26转债,汽车,603809.SH,豪能股份,144.814,9.41,-1.9167727777627,-1.2591815320042,5.8356164383561,75.324133,10.74,87.616387337058,65.281866099894,-4.1055,95.44791238246,51.720447713649,AA-,18,18,-4.6027364773618,0.31982942430703,2026-07-10
113706.SH,金帝转债,机械设备,603270.SH,金帝股份,150.022,28.33,-1.5138385588992,0.03531073446327,5.8356164383561,96.441309,30.62,92.521227955585,62.148734204024,-3.9756,105.03864543901,42.825528045399,AA,9.7,9.7,-6.4058893255974,1.6870064608758,2026-07-10
113707.SH,科博转债,汽车,603786.SH,科博达,194.406,42.68,8.750083909512,-1.6589861751152,5.8849315068494,2335.968838,45.56,93.678665496049,107.52430552952,-9.107,99.701142146924,94.988739159592,AA+,14.9074,14.9074,3.9287489909493,0.49446668236402,2026-07-31
113708.SH,曙26转债,计算机,603019.SH,中科曙光,151.981,89.36,0.27314652925768,-0.3012384246346,5.9178082191781,1744.953873,108.89,82.064468729911,85.197080237243,-5.6174,95.502340893834,59.138507577474,AAA,80,80,-2.6000076904344,0.66463895460178,2026-08-06
118005.SH,天奈转债,电力设备,688116.SH,天奈科技,122.034,32.55,-0.46328771145658,-1.0036496350365,1.4547945205479,23.530079,99.01,32.875467124533,271.20080921659,-5.9045,108.50423538162,12.469342390916,AA-,8.29932,8.3,-2.7849916354656,-2.8358208955224,2022-03-01
118007.SH,山石转债,计算机,688030.SH,山石网科,142.165,17.55,0.047150558065546,0.74626865671641,1.6027397260275,48.263681,16.5,106.36363636364,33.659401709402,-11.8216,102.1780356203,39.134598876318,A+,2.67111,2.6743,-2.5786689326243,-2.8239202657807,2022-04-21
118010.SH,洁特转债,医药生物,688026.SH,洁特生物,124.42,18.19,-0.49424974807658,-1.9407008086253,1.8712328767124,11.864027,47.88,37.990810359231,227.5002528862,-5.6008,103.24872089051,20.505124835338,A+,4.39937,4.4,-1.1111287733075,9.9758162031439,2022-08-02
118012.SH,微芯转债,医药生物,688321.SH,微芯生物,171.582,30.85,-0.1571119335242,-1.0266281681104,1.8904109589041,161.101926,25.34,121.74427782163,40.936398055105,-18.3193,108.44978760839,58.213311232643,A+,4.99581,5,-3.6316049604601,3.7323470073975,2022-07-28
118013.SH,道通转债,计算机,688208.SH,道通科技,182.175,26.5,-2.014834257561,-1.4869888475836,1.8986301369864,234.37402,21.48,123.37057728119,47.664867924528,-21.0082,113.20121040997,60.930258024833,AA,12.79618,12.8,-7.0175169963864,-4.744787922358,2022-07-28
118015.SH,芯海转债,电子,688595.SH,芯海科技,128.225,29.36,-0.59229856809496,-3.2300593276203,1.9342465753425,30.434825,55.22,53.169141615357,141.16432220708,-4.503,113.72583082367,12.749231261987,A+,4.09951,4.1,-2.7537616794078,2.370990237099,2022-08-18
118016.SH,京源转债,环保,688096.SH,京源环保,159.955,8.75,0.60062893081762,0.57471264367817,1.9753424657533,69.523281,6.91,126.62807525326,26.318748571429,-14.5917,103.73824105126,54.190969867091,A,1.675,3.325,-3.5026333094033,1.1560693641618,2022-08-25
118020.SH,芳源转债,电力设备,688148.SH,芳源股份,120.954,6.74,2.4651824743316,2.9007633587786,2.1095890410959,77.792558,9,74.888888888889,61.511275964392,2.0234,96.914468453867,24.804894387442,A+,6.41673,6.42,-3.8055018729273,-9.1644204851752,2022-11-07
118022.SH,锂科转债,电力设备,688779.SH,五矿新能,119.378,7.87,-1.1697891399194,0.51085568326948,2.158904109589,49.475418,15.49,50.806972240155,134.96381448539,-2.4378,109.3029392588,9.2175570112947,AA,32.49781,32.5,-3.7056754751073,-0.25348542458808,2022-11-07
118024.SH,冠宇转债,电力设备,688772.SH,珠海冠宇,125.241,14.88,-0.039907096279858,3.765690376569,2.1945205479451,97.840576,22.51,66.103953798312,89.460679435484,-3.7665,111.16392105108,12.663352296157,AA,30.88929,30.89043,-1.939429054636,3.8381018841591,2022-11-17
118027.SH,宏图转债,计算机,688066.SH,*ST航图,78.332,9.05,0.38445765839655,0.66740823136819,2.2904109589042,40.356507,13.12,68.978658536585,13.559761325967,20.5545,58.746073889765,33.339974594706,A,9.4746,10.088,-5.2450766923114,-6.6047471620227,2022-12-22
118030.SH,睿创转债,国防军工,688002.SH,睿创微纳,560.442,166.01,3.3162320053535,-0.14436090225564,2.3780821917808,477.573797,38.66,429.41024314537,30.514352870309,-49.326,108.8250766144,414.99343481816,AA,12.62252,15.6469,-2.8324540248518,-2.3700305810398,2023-02-10
118031.SH,天23转债,电力设备,688599.SH,天合光能,123.202,12.97,0.48774917620958,-0.99236641221373,2.5013698630137,160.017959,16,81.0625,51.983962991519,-1.636,113.35725596616,8.6847056678765,AA,58.51156,88.64751,-1.7739402202078,-5.8097312999274,2023-03-15
118032.SH,建龙转债,基础化工,688357.SH,建龙微纳,123.788,26.84,0.36159621215806,-0.51890289103039,2.5643835616438,14.572185,71.41,37.585772300798,229.34802831595,-1.7157,111.67778746224,10.843886517588,AA-,6.99885,7,-1.6915770580854,0.1866368047779,2023-04-07
118034.SH,晶能转债,电力设备,688223.SH,晶科能源,115.85,4.4,-0.21447213154292,-0.22675736961451,2.682191780822,119.564098,6.35,69.291338582677,67.192613636364,-1.5065,106.29633641239,8.9877637461935,AA+,83.22147,100,-1.9317373785257,-1.7857142857143,2023-05-19
118035.SH,国力转债,电子,688103.SH,国力电子,163.454,76.21,-0.77881714490369,0.91366525423729,2.827397260274,109.138306,62.31,122.30781575991,33.641500328041,-10.9407,104.32863367167,56.672232969517,A+,4.7988,4.8,-6.3134425026796,-0.88438028352192,2023-07-06
118036.SH,力合转债,电子,688589.SH,力合微,140.414,19.51,2.0139201697156,7.9690094078583,2.8712328767124,77.716295,23.83,81.871590432228,71.505157355202,-5.8177,112.77738521458,24.505458016106,AA-,3.79962,3.8,-0.12660748833506,8.3287062742921,2023-07-20
118037.SH,上声转债,汽车,688533.SH,上声电子,128.786,21.42,0.069154681150298,-0.27932960893854,2.8931506849315,15.722827,28.64,74.790502793296,72.195660130719,-4.0133,100.72205115749,27.862765422268,A+,4.6795,5.2,-1.8848087764742,-0.18639328984156,2023-08-01
118039.SH,煜邦转债,电力设备,688597.SH,煜邦电力,140.182,7.3,-1.0251775703574,0.96818810511756,2.9315068493152,100.23096,7.3,100,40.182,-6.1241,96.573326444488,45.156023056303,A,4.10404,4.10806,-1.2114079534323,6.5693430656934,2023-08-15
118042.SH,奥维转债,电力设备,688516.SH,奥特维,126.151,41.55,0.58925780627052,0.048157958102567,2.9890410958903,90.300611,83.69,49.647508662923,154.09331383875,-2.1003,110.23166006337,14.441712959311,AA-,11.39918,11.4,-2.6792877862124,-2.1431935939708,2023-09-01
118044.SH,赛特转债,基础化工,688398.SH,赛特新材,149.972,20.74,-0.28656343291024,1.0721247563353,3.0767123287671,48.928271,18.85,110.02652519894,36.30531340405,-7.8179,102.17791634432,46.775355542213,A+,4.41973,4.42,-4.8032550669993,-0.048192771084345,2023-10-12
118050.SH,航宇转债,国防军工,688239.SH,航宇科技,242.456,45.74,-5.0212712614681,0.30701754385965,4.0191780821917,278.580368,24.81,184.36114469972,31.511442063839,-16.3358,107.50295248777,125.53427081696,AA-,6.59682,6.67,-9.2805106656839,-0.56521739130434,2024-09-10
118051.SH,皓元转债,医药生物,688131.SH,皓元医药,306.443,100.08,1.1753713480123,1.1215519854501,4.2904109589042,638.485549,40.22,248.83142715067,23.152852318145,-20.3256,103.99416873472,194.67325305684,AA-,8.21837,8.2235,1.9698991424949,5.9047619047619,2024-12-19
118052.SH,浩瀚转债,计算机,688292.SH,浩瀚深度,135.556,17.42,-0.25899873443798,-0.11467889908257,4.5780821917808,26.170059,24.2,71.98347107438,88.315453501722,-2.7234,95.808983803071,41.485688104809,A+,3.54186,3.5429,-5.3531904791828,-1.3590033975085,2025-04-07
118056.SH,路维转债,电子,688401.SH,路维光电,278.334,72.19,2.0817287591048,5.8970221505061,4.8246575342466,689.0731,35.29,204.56219892321,36.063261670591,-16.7887,100.96939870256,175.66173868177,AA-,6.14481,6.15,-9.2576533107293,2.5717533390168,2025-07-10
118058.SH,微导转债,电力设备,688147.SH,微导纳米,471.577,121.38,4.3856969568182,5.2914642609299,4.9780821917809,1902.597031,33.29,364.61399819766,29.335955923546,-25.0474,103.71389577636,354.69027700674,AA,11.69934,11.7,4.0916916828536,15.997706422018,2025-08-27
118059.SH,颀中转债,电子,688352.SH,颀中科技,201.141,18.83,2.2047540167275,3.2912781130005,5.2219178082191,1121.410101,13.7,137.44525547445,46.342628783856,-10.6678,101.84560454952,97.496004751188,AA+,8.49871,8.5,-5.6283047992606,8.3429228998849,2025-11-21
118060.SH,瑞可转债,电子,688800.SH,瑞可达,193.19,63.23,0.25948414551871,2.4631340139361,5.2520547945205,271.133761,52.53,120.36931277365,60.497717855448,-9.4022,99.244244132627,94.661163162093,AA-,9.99888,10,-3.105596292544,8.4376607785971,2025-12-12
118061.SH,茂莱转债,电子,688502.SH,茂莱光学,191.13,435.38,0.50956820799217,4.2077549066539,5.2712328767122,461.636064,364.15,119.56062062337,59.860327759658,-8.8792,90.711153995716,110.70176222102,A+,5.62184,5.625,-3.6783937831668,9.5295597484277,2025-12-10
118062.SH,天准转债,机械设备,688003.SH,天准科技,202.45,79,-0.32249329164718,1.9354838709677,5.3287671232877,415.363958,55.13,143.29766007618,41.279348101266,-10.0735,99.019878718749,104.45389614648,AA-,8.71925,8.72,-11.12545161616,0.12674271229404,2025-12-31
118063.SH,金05转债,电力设备,688676.SH,金盘科技,155.589,70.22,-1.8198683687442,-2.2686151704941,5.3643835616438,108.330266,88.6,79.255079006772,96.314232412418,-6.0861,100.33910993639,55.063165398454,AA+,16.71391,16.715,-4.9913594645921,1.2837155632482,2026-01-14
118064.SH,联瑞转债,基础化工,688300.SH,联瑞新材,402.775,164.65,-2.1934979407879,1.4979657255579,5.4027397260274,1810.152491,63.05,261.14195083267,54.236038566657,-21.06,102.05851276232,294.6510576124,AA,6.94874,6.95,-1.7260015273918,8.5365853658537,2026-01-28
118065.SH,艾为转债,电子,688798.SH,艾为电子,142.549,55.38,-1.1147645606149,1.8389113644722,5.4410958904109,53.571118,79.4,69.748110831234,104.37686168292,-4.3176,101.12933442405,40.957122690311,AA+,19.01295,19.0132,-4.3115484789088,-1.4941302027748,2026-02-26
118066.SH,统联转债,电子,688210.SH,统联精密,129.782,29.3,-0.31185669954218,2.0905923344948,5.5479452054794,26.03579,56.2,52.135231316726,148.93339249147,-2.3849,96.426465605241,34.591679976442,AA-,5.76,5.76,-4.0223042278936,3.6434382737885,2026-03-20
118067.SH,上26转债,汽车,688533.SH,上声电子,134.897,21.42,-0.75702956020187,-0.27932960893854,5.5917808219178,22.018356,32.25,66.418604651163,103.1012254902,-2.4147,89.049898758295,51.484731460668,A+,3.2485,3.2485,-3.0689526327892,-0.18639328984156,2026-04-14
118068.SH,迪威转债,机械设备,688377.SH,迪威尔,136.047,20.4,-0.48060042134832,0.59171597633135,5.8054794520549,112.668383,32.49,62.788550323176,116.67485441176,-3.0783,95.534981095264,42.405429341466,AA-,9.07705,9.07705,-5.677500762639,-0.48780487804879,2026-06-30
118069.SH,爱科转债,机械设备,688092.SH,爱科科技,165.278,22.59,-1.1542509927755,0.4,5.8246575342466,60.542149,28.53,79.179810725552,108.73755378486,-5.7592,104.03566006009,58.866680813611,AA-,2.66954,2.66954,-5.0622950066345,1.6651665166517,2026-07-09
118070.SH,南芯转债,电子,688484.SH,南芯科技,159.765,36.8,-0.058801819103099,2.392877017251,5.8438356164384,292.625077,43.71,84.191260581103,89.764351902174,-5.8997,100.86501471815,58.394861138367,AA+,15.86881,15.86881,-9.7255575583268,2.3643949930459,2026-07-10
118071.SH,华峰转债,电子,688200.SH,华峰测控,241.203,408,-5.4280191494117,-1.6891159249175,5.8575342465754,1086.544497,335.79,121.50451174841,98.513616102941,-12.1785,100.21923529947,140.67535466545,AA,7.49475,7.49475,-13.718020260989,-0.11506352975739,2026-07-17
118072.SH,鼎通转债,通信,688668.SH,鼎通科技,190.724,268.68,-1.5618064516129,5.7795275590551,5.8602739726027,1236.683179,246,109.21951219512,74.624475212148,-7.9797,87.665655587001,117.55840268681,A+,9.3,9.3,-7.464496940939,8.3824122630093,2026-07-17
118073.SH,赛斯转债,环保,688480.SH,赛恩斯,175.838,80.3,-6.8457300275482,-0.68027210884353,5.9232876712329,2233.548252,88.16,91.084392014519,93.049540224159,-7.1898,100.07821083997,75.700583098125,AA,5.519,5.519,75.838,-0.61881188118812,2026-08-12
118074.SH,特宝转债,医药生物,688278.SH,特宝生物,175.123,60.8,11.330578512397,-1.0255575451734,5.9534246575342,2531.603117,58.56,103.82513661202,68.6711,-7.371,98.126771746016,78.466076977724,AA+,15.33266,15.33266,75.123,8.6490350250179,2026-08-13
123064.SZ,万孚转债,医药生物,300482.SZ,万孚生物,109.853,17.5,-0.05367930708204,-1.2415349887133,0.049315068493115,85.62539675,20.88,83.812260536398,31.070322285714,2.7126,109.76148243907,0.083378575886522,AA,5.97336,6,-0.093673833169639,-0.11415525114155,2020-09-23
123065.SZ,宝莱转债,医药生物,300246.SZ,宝莱特,117.65,19,-1.8593748696602,5.0884955752212,0.057534246575415,143.78812607,18.3,103.82513661202,13.315526315789,-39.1499,114.88705127115,2.4049261411831,AA-,2.178762,2.19,-3.8650106226508,-1.34994807892,2020-09-24
123071.SZ,天能转债,电力设备,300569.SZ,天能重工,115.115,4.84,0.091296409007903,-1.0224948875256,0.18630136986303,37.651799,6.68,72.455089820359,58.877727272727,-0.5363,114.63153510102,0.42175558283825,AA-,6.936644,7,-0.056433408577888,-1.0224948875256,2020-11-25
123072.SZ,乐歌转债,轻工制造,300729.SZ,乐歌股份,119.75,10.13,0.010021881107084,-0.49115913555991,0.18630136986303,16.51536417,32.61,31.064090769703,285.49333662389,1.1208,119.14631293478,0.50667708496537,A+,1.417808,1.42,-0.05675274165818,-0.29527559055117,2020-11-10
123076.SZ,强力转债,电子,300429.SZ,强力新材,126.543,10.87,1.4177633160755,3.5238095238095,0.26575342465753,43.33101498,12.7,85.590551181102,47.846927322907,-40.2714,112.47683893834,12.505828928366,AA-,3.392573,8.5,-1.7652949533059,1.588785046729,2020-12-04
123080.SZ,海波转债,建筑装饰,300517.SZ,海波重科,125.776,10.03,-0.84745094638592,-1.2795275590551,0.30136986301363,22.98737505,11.28,88.918439716312,41.450975074776,-15.2381,118.61378198475,6.0382679781399,A+,1.485451,2.45,-2.1274608979846,3.9378238341969,2020-12-22
123088.SZ,威唐转债,汽车,300707.SZ,威唐工业,116.55,11.93,-0.12168786206423,-0.66611157368859,0.33698630136996,18.189086969999998,14.97,79.692718770875,46.249245599329,-3.9465,113.51555882368,2.67315001376,A+,3.004256,3.0138,-1.0619604247842,-0.1673640167364,2021-01-06
123090.SZ,三诺转债,医药生物,300298.SZ,三诺生物,111.75,16.4,-0.042040484091699,-0.90634441087615,0.35342465753433,23.04239118,34.52,47.508690614137,135.22012195122,0.6329,111.40619110422,0.30860842864595,AA,4.983774,5,-0.013421017313113,0.3058103975535,2021-01-12
123091.SZ,长海转债,建筑材料,300196.SZ,长海股份,140.421,18.68,0.48086211708134,3.6051026067665,0.35890410958905,260.26360961,14.99,124.61641094063,12.682590471092,-58.3776,110.40239343468,27.190177342562,AA,5.462894,5.5,-4.4690114973808,1.7429193899782,2021-01-15
123092.SZ,天壕转债,公用事业,300332.SZ,天壕能源,119.475,4.76,-0.059391363993787,-1.039501039501,0.36164383561641,26.3608696,4.97,95.774647887324,24.745955882353,-10.357,113.39885831426,5.3582035798789,A+,3.415687,4.23,-1.8282662284306,-0.20964360587002,2021-01-15
123104.SZ,卫宁转债,计算机,300253.SZ,卫宁健康,134,7.73,-0.4087699739873699,-1.5286624203822,0.58630136986312,104.6042845,7.02,110.11396011396,21.692108667529,-17.8198,118.93767993676,12.66404395247,AA,9.698712,9.70265,-3.1497997947354,-0.38659793814432,2021-03-31
123107.SZ,温氏转债,农林牧渔,300498.SZ,温氏股份,113.289,13.47,0.23801097150947,-2.3913043478261,0.62191780821922,102.04209212,16.09,83.716594157862,35.324425389755,-7.5068,107.01495084897,5.8627781457188,AAA,77.06345,92.97,0.054757257544576,-0.66371681415929,2021-04-21
123109.SZ,昌红转债,机械设备,300151.SZ,昌红科技,124.976,16.64,-0.33493891352196,3.0340557275542,0.6301369863013,34.563124259999995,26.64,62.462462462462,100.08176923077,-12.6676,113.69615895945,9.9210396760793,AA-,4.595034,4.6,-1.5937007874016,0.48309178743962,2021-04-19
123112.SZ,万讯转债,机械设备,300112.SZ,万讯自控,148.5,9.52,4.1900538841491,6.6069428891377,0.64931506849325,860.47195328,6.43,148.05598755832,0.2998949579832,-31.6313,116.62166713328,27.33482863891,AA-,2.264539,2.457212,0.33987175415717,6.8462401795735,2021-04-23
123113.SZ,仙乐转债,食品饮料,300791.SZ,仙乐健康,114.285,17.86,-0.31662131044589,4.2615294804437,0.67945205479441,84.65045404,31.69,56.358472704323,102.78228723404,-1.6548,111.59960038465,2.4062806731368,AA-,10.248193,10.248929,-1.5081656396777,5.3687315634218,2021-05-14
123114.SZ,三角转债,国防军工,300775.SZ,三角防务,129.038,21.59,-0.30517719592375,0.139146567718,0.77808219178087,68.32799015,22.69,95.152049360952,35.612423344141,-13.9817,113.3474994198,13.842829052702,AA-,8.998858,9.043727,-2.8591646842723,-0.50691244239631,2021-06-11
123117.SZ,健帆转债,医药生物,300529.SZ,健帆生物,114.453,16.21,-0.089040199031036,-0.97739767868051,0.85753424657537,34.505865130000004,38.15,42.490170380079,169.36347624923,-4.5371,108.56368830936,5.4247527717189,AA,9.998292,10,-2.1769230769231,-1.037851037851,2021-07-12
123118.SZ,惠城转债,环保,300779.SZ,惠城环保,1040.696,76.5,3.7169623280845,2.8778913394298,0.89589041095883,3226.82396462,10.33,740.5614714424,40.527969673203,-99.2864,110.9485068473,837.99910388372,A+,0.654049,3.2,6.2985748153021,2.3411371237458,2021-07-26
123119.SZ,康泰转2,医药生物,300601.SZ,康泰生物,125.7,12.69,-0.0071593919289791,-0.70422535211267,0.91780821917814,54.94237683,15.69,80.879541108987,55.416312056738,-11.875,110.43550437416,13.822090741868,AA,19.989769,20,-1.0236220472441,-1.2451361867704,2021-08-05
123122.SZ,富瀚转债,电子,300613.SZ,富瀚微,129.7,75.91,-0.077041602465349,0.33042558815755,0.97808219178091,89.08102084999999,91.5,82.96174863388,56.337109735213,-11.5879,110.54881988372,17.323730942059,A+,5.800643,5.8119,-1.3590697179189,2.2356902356902,2021-08-24
123124.SZ,晶瑞转2,电子,300655.SZ,晶瑞电材,141.15,13.34,0.40046376976535,2.3791250959325,1.0054794520547,57.97519672,15.88,84.005037783375,68.025637181409,-23.1029,107.12600561222,31.760723452098,A+,5.224224,5.23,-3.2974109877161,-1.0385756676558,2021-09-07
123131.SZ,奥飞转债,通信,300738.SZ,奥飞数据,315.529,23.75,5.5478618068936,7.0784490532011,1.304109589041,2023.82933398,10.05,236.3184079602,33.518587368421,-53.5244,111.44925131915,183.11450841104,A+,3.159254,6.35,0.80798722044728,5.1350154935812,2021-12-22
123133.SZ,佩蒂转债,农林牧渔,300673.SZ,佩蒂股份,130.368,13.24,-0.78840826763265,-1.1940298507463,1.3561643835617,60.35048223,15,88.266666666667,47.697885196375,-7.7578,113.82849995285,14.530192398213,AA-,7.197656,7.2,-2.5234965568291,-0.075471698113206,2022-01-21
123138.SZ,丝路转债,计算机,300556.SZ,丝路视觉,128,16.2,0.059410274850687,-0.97799511002445,1.5479452054794,9.34179243,26.53,61.062947606483,109.61975308642,-5.4502,103.52244451332,23.644684591591,A+,2.393372,2.4,-1.3525490347193,0.99750623441397,2022-03-22
123142.SZ,申昊转债,电力设备,300853.SZ,申昊科技,124.38,27.95,0.34448540979242,1.8957345971564,1.5917808219178,28.43447768,33.71,82.913082171462,50.012515205724,-6.2429,95.337478230698,30.462859211595,A+,5.493636,5.5,-0.91059009105901,2.7195883866226,2022-04-11
123144.SZ,裕兴转债,基础化工,300305.SZ,裕兴股份,130.69,6.48,0.14943101268247,0.46511627906977,1.6575342465753,41.71450611,8.5,76.235294117647,71.429783950617,-6.5208,105.50977410123,23.865301687225,AA-,5.997226,6,-1.0396553160234,7.1074380165289,2022-04-27
123149.SZ,通裕转债,电力设备,300185.SZ,通裕重工,134.665,2.74,-0.24814814814815,-1.4388489208633,1.8493150684931,71.08520192,2.71,101.10701107011,33.190565693431,-8.7697,110.38471191264,21.996060565501,AA,11.068881,14.8472,-1.3573301689155,-2.1428571428571,2022-07-15
123150.SZ,九强转债,医药生物,300406.SZ,九强生物,135.735,12.08,0.1076783514887,0.41562759767249,1.8767123287671,29.603997370000002,11.6,104.13793103448,30.341556291391,-9.7016,107.83463312964,25.873289555147,AA-,11.210221,11.39,-1.0641787237144,2.8085106382979,2022-07-20
123151.SZ,康医转债,医药生物,300869.SZ,康泰医学,120.35,11.69,-0.24865312888521,0.94991364421416,1.8794520547945,16.36684804,27.55,42.431941923775,183.63066723695,-1.2814,108.5006638127,10.920980361702,A+,6.997947,7,-1.1044094203494,2.4539877300613,2022-07-20
123154.SZ,火星转债,家用电器,300894.SZ,火星人,127.19,11.58,-0.45238244317826,-0.60085836909871,1.9753424657533,40.31213655,16,72.375,75.737478411054,-4.174,107.52200313811,18.29206700756,AA-,5.28858,5.28999,-2.1615384615385,-5.2373158756138,2022-08-23
123155.SZ,中陆转债,电力设备,301040.SZ,中环海陆,134.462,28,-0.2359400504526,0.35842293906811,1.9945205479453,44.05790133,31.76,88.16120906801,52.518325714286,-6.6031,107.91356750171,24.601570602204,A+,3.599647,3.6,-1.4894318473204,5.3423626787058,2022-08-31
123157.SZ,科蓝转债,计算机,300663.SZ,科蓝软件,142,9.06,-0.14556245473148,-2.7896995708154,2.0438356164384,132.1998429,8.8,102.95454545455,37.924944812362,-8.5245,114.8975737837,23.588336397185,AA-,2.339584,4.946,-4.4967246411902,-6.5979381443299,2022-09-20
123158.SZ,宙邦转债,电力设备,300037.SZ,新宙邦,236.363,66.88,0.15381355932203,1.9046167911016,2.1178082191782,424.08844665,40.49,165.17658681156,43.097157147129,-29.7167,109.41287780603,116.02850115964,AA,18.045929,19.7,0.57144072844864,0.11976047904191,2022-10-21
123160.SZ,泰福转债,机械设备,300992.SZ,泰福泵业,160.5,24.75,0.029915488744298,0.24301336573511,2.1232876712329,34.41281983,19.7,125.6345177665,27.751515151515,-13.3075,104.49605705957,53.594312088261,A,2.314534,3.3489,-1.633918831129,3.42666109486,2022-10-25
123165.SZ,回天转债,基础化工,300041.SZ,回天新材,132.42,11.29,0.56273209851228,3.4830430797433,2.2027397260274,32.76550013,15.05,75.016611295681,76.520903454384,-5.007,112.86104895639,17.330116301836,AA-,8.496178,8.5,-2.6545419794018,1.7117117117117,2022-11-15
123168.SZ,惠云转债,基础化工,300891.SZ,惠云钛业,126.992,7.14,-0.20588743772298,0.28089887640449,2.2767123287672,21.31553507,10.74,66.480446927374,91.021579831933,-2.9775,112.81031658565,12.571264617972,AA-,4.899089,4.9,-3.0099363796751,2.5862068965517,2022-12-14
123171.SZ,共同转债,医药生物,300966.SZ,共同药业,133.999,26.4,-0.50564300564301,-1.1606140022464,2.2904109589042,23.49884755,27.08,97.488921713442,37.450489393939,-5.0521,98.711692863554,35.747849229192,A+,3.798878,3.8,-2.8154713122185,-1.6759776536313,2022-12-16
123172.SZ,漱玉转债,医药生物,301017.SZ,漱玉平民,134.07,14.42,0.50224887556221,3.0736240171551,2.33698630137,53.98552488,14.91,96.713615023474,38.625776699029,-5.9346,110.5654226332,21.258524416599,AA-,7.960041,8,-1.1341513774999,4.040404040404,2023-01-06
123173.SZ,恒锋转债,计算机,300605.SZ,恒锋信息,139.8,10.67,-0.32227704417762,0.4708097928437,2.3780821917808,44.67682841,10,106.7,31.021555763824,-6.5805,114.60671005999,21.982386482276,A,2.330305,2.424357,-1.5687047624412,1.9102196752626,2023-02-08
123175.SZ,百畅转债,环保,300614.SZ,百川畅银,114.644,10.55,0.27201245484681,0.094876660341571,2.5260273972603,10.88718188,20.4,51.71568627451,121.68128909953,0.5815,89.279409173398,28.410347986666,A+,4.198703,4.2,-2.0128377165617,0.8604206500956,2023-03-17
123176.SZ,精测转2,机械设备,300567.SZ,精测电子,454,223.44,-0.5824902553322,-0.35676061362826,2.5479452054794,935.9130986900001,64.51,346.36490466594,31.075635517365,-41.9526,110.38123125665,311.30180813476,AA-,12.752913,12.76,-4.9753961625967,-0.20990576570944,2023-03-22
123178.SZ,花园转债,医药生物,300401.SZ,花园生物,145.744,15.93,-0.59136081194453,1.6592214422463,2.5589041095891,119.85439468999999,13.34,119.41529235382,22.048020087884,-7.8858,111.69211939214,30.487272327881,AA-,11.57958,12,-0.6523472914295,12.818696883853,2023-03-23
123179.SZ,立高转债,食品饮料,300973.SZ,立高食品,121.5,25.73,0.27979300269889,0.23373587845734,2.5616438356165,21.157366460000002,94.64,27.187235841082,346.90089389817,-0.8888,111.97521682532,8.5061529191185,AA-,9.499343,9.5,-1.9196306043042,3.5829307568438,2023-03-27
123180.SZ,浙矿转债,机械设备,300837.SZ,浙矿股份,128.38,23.17,-0.59312715840985,0.3030303030303,2.5671232876712,10.10490418,47.59,48.686698886321,163.68598187311,-3.1206,111.67062218755,14.963091890351,AA-,3.196173,3.2,-2.949025181243,1.1348756001746,2023-03-28
123183.SZ,海顺转债,轻工制造,300501.SZ,海顺新材,131.292,10.21,-0.38543247344462,-0.96993210475266,2.6054794520549,31.05864678,11.63,87.790197764402,49.552003917728,-3.9184,111.57035664218,17.676418675498,AA-,6.328782,6.33,-2.5090776781935,-0.097847358121329,2023-04-20
123187.SZ,超达转债,汽车,301186.SZ,超达装备,185.7,36.22,2.032967032967,0.44370493621741,2.6383561643836,155.32171406999998,21.77,166.37574644006,11.614826062949,-15.7446,100.49795269604,84.779883587943,A,2.24184,4.69,-0.32366628556706,1.5419119708438,2023-04-25
123189.SZ,晓鸣转债,农林牧渔,300967.SZ,晓鸣股份,139.95,16.09,-0.65802082667861,-0.67901234567901,2.6438356164383,43.91919901,15.18,105.99472990777,32.034866376631,-6.5786,99.067915151689,41.266725746387,A+,3.286262,3.29,-1.301174230403,5.6467498358503,2023-04-25
123192.SZ,科思转债,美容护理,300856.SZ,科思股份,125.65,11.52,-1.389106890598,-1.9574468085106,2.66301369863,63.83846266,17.32,66.512702078522,88.911284722222,-2.21,111.34509966271,12.84735509746,AA-,7.186755,7.249178,-1.3813672396201,5.3979871912168,2023-05-11
123193.SZ,海能转债,电子,300787.SZ,海能实业,128.37,10.38,-0.11360453173145,2.1653543307087,2.66301369863,39.43017635,14.5,71.586206896552,79.32225433526,-3.0054,111.34509966271,15.290210695272,AA-,5.997434,6,0.39180724022242,18.764302059497,2023-05-09
123194.SZ,百洋转债,医药生物,301015.SZ,百洋医药,141.85,26.89,1.4235766021493,6.7063492063492,2.6657534246576,909.04560422,24.79,108.47115772489,30.772089996281,-7.2251,109.4609017947,29.589650436141,AA-,8.459231,8.6,1.7940437746681,12.651864264767,2023-05-05
123195.SZ,蓝晓转02,基础化工,300487.SZ,蓝晓科技,173.913,66.7,-0.17564100356447,0.18023430459598,2.6739726027397,71.94044871999999,59.21,112.64989022125,54.383639130435,-13.3609,106.06328302802,63.970975661819,A+,5.455283,5.460645,-4.602228158615,-2.925338378693,2023-05-08
123196.SZ,正元转02,计算机,300645.SZ,正元智慧,125.885,12.96,-0.34357460081223,0.077220077220089,2.6767123287671,9.92116855,21.91,59.151072569603,112.81947145062,-2.3292,105.10622969549,19.769304221743,A+,3.50147,3.5073,-2.5899158103256,0.23201856148493,2023-05-19
123199.SZ,山河转债,医药生物,300452.SZ,山河药辅,141.5,12.95,0.070721357850067,0.69984447900466,2.827397260274,18.76782055,13,99.615384615385,42.046332046332,-8.1988,98.352894941008,43.869684857646,A+,3.197248,3.2,-1.5556297656815,2.8594122319301,2023-07-07
123207.SZ,冠中转债,建筑装饰,300948.SZ,冠中生态,226.3,20.61,-1.17903930131,-0.62680810028929,2.9342465753425,135.9120714,10.44,197.41379310345,14.63231441048,-19.9105,92.810636319482,143.82981194204,A,1.454954,4,-3.9840468411897,-1.6229116945107,2023-08-09
123209.SZ,聚隆转债,基础化工,300644.SZ,南京聚隆,164.512,21.48,-0.97274390831165,0.42075736325386,2.9479452054795,26.185489269999998,17.52,122.60273972603,34.182972067039,-11.0704,102.51466197928,60.4765570346,A+,1.671699,2.185,-5.1809499657063,-0.83102493074792,2023-08-17
123211.SZ,阳谷转债,基础化工,300121.SZ,阳谷华泰,156.273,9.66,0.24697218515857,2.2222222222222,2.9506849315069,53.85756827,9.2,105,48.831428571429,-9.0659,110.33516013765,41.63481505355,AA-,3.069733,6.5,-4.2796765894892,0.20746887966805,2023-08-14
123213.SZ,天源转债,环保,301127.SZ,武汉天源,250.85,15.12,-1.434184675835,-1.1118378024853,2.9534246575342,293.46937651,7.1,212.95774647887,17.79332010582,-23.3409,107.53803167614,133.26631154591,AA-,3.259501,10,-4.9090219863533,-4.4851547694251,2023-08-16
123214.SZ,东宝转债,医药生物,300239.SZ,东宝生物,129.22,5.07,-0.37238922769713,0.39603960396041,2.9616438356165,13.454133220000001,6.62,76.586102719033,68.725128205128,-3.4867,101.99097412049,26.697485845508,A+,4.54866,4.55,-1.2494746093004,2.4242424242424,2023-08-18
123215.SZ,铭利转债,机械设备,301268.SZ,铭利达,124.373,13.32,-0.63990924632911,-0.89285714285714,2.9698630136986,27.06379853,19.19,69.41115164148,79.183023273273,-0.7948,106.31893316923,16.981045889569,AA-,8.555437,10,-2.7294839007375,0.15037593984962,2023-08-23
123216.SZ,科顺转债,建筑材料,300737.SZ,科顺股份,123.309,4.95,0.063295761618426,-0.40241448692152,2.972602739726,57.76999321,6.61,74.886535552194,64.661109090909,-1.4042,110.08454962012,12.01299403551,AA,21.959234,21.98,-1.5905572137715,-3.5087719298246,2023-08-23
123220.SZ,易瑞转债,医药生物,300942.SZ,易瑞生物,132.7,6.86,-0.25406274898903,-0.4354136429608,3.0109589041097,18.807619149999997,8.85,77.514124293785,71.194606413994,-3.6449,103.92194565837,27.691989559387,A+,2.907468,3.281967,-1.9194808458429,2.5411061285501,2023-09-06
123222.SZ,博俊转债,汽车,300926.SZ,博俊科技,151.288,17.7,-1.1409229321589,-1.006711409396,3.0684931506848,32.17712391,16.46,107.53341433779,40.689292655367,-7.5929,103.97019055267,45.510938467854,A+,2.438202,5,-3.2870932685546,0.22650056625141,2023-09-28
123223.SZ,九典转02,医药生物,300705.SZ,九典制药,139.426,12.62,1.4250692893567,7.9555175363559,3.0876712328768,221.59858853,14.55,86.735395189003,60.748676703645,-5.3759,102.78276393809,35.651148750956,A+,2.052212,3.6,0.307918099541,11.189427312775,2023-10-13
123224.SZ,宇邦转债,电力设备,301266.SZ,宇邦新材,133.229,21.63,-0.27470882361747,0.37122969837586,3.0986301369862,17.174567829999997,28.17,76.78381256656,73.511832177531,-3.4642,104.16766543452,27.898613686168,A+,2.847959,5,-2.3376680496709,1.5969938938469,2023-10-18
123225.SZ,翔丰转债,电力设备,300890.SZ,翔丰华,140.501,26.66,-0.11445877351381,0.94661113214691,3.1561643835616,32.36108977,27.34,97.512801755669,44.084671417854,-4.3349,113.3613267971,23.940857053902,AA-,5.584541,8,-3.0880547393398,0.79395085066163,2023-10-26
123229.SZ,艾录转债,轻工制造,301062.SZ,上海艾录,130.484,6.98,-0.11176605680164,0.28735632183909,3.1917808219177,8.58823284,9.95,70.150753768844,86.005128939828,-2.5725,97.75891989038,33.47528813362,A+,1.779468,5,-0.84199647394979,8.8923556942278,2023-11-20
123235.SZ,亿田转债,家用电器,300911.SZ,亿田智能,157.79,22.14,-1.7496886674969,-2.078726227333,3.3534246575343,403.69865435,21.31,103.8948850305,51.874656729901,-8.0967,102.54444475431,53.874742194032,AA-,4.352593,5.2021,-4.9142788273223,1.9806540764625,2024-01-12
123237.SZ,佳禾转债,电子,300793.SZ,佳禾智能,135.33,11.17,-0.05465126584147,-0.1787310098302,3.3917808219178,23.52766063,13.46,82.986627043091,63.074467323187,-4.2012,100.45777045099,34.713322217338,A+,4.314477,10.04,-3.146850644471,-1.1504424778761,2024-01-24
123241.SZ,欧通转债,电力设备,300870.SZ,欧陆通,917,228.31,1.7763694582101,2.9954436775387,3.8904109589041,1271.7275682,30.8,741.26623376623,23.707240155928,-41.5739,103.73713121748,783.96506558247,AA-,2.604635,6.445265,0.65861690450055,7.3339288232805,2024-07-26
123243.SZ,严牌转债,环保,301081.SZ,严牌股份,197.847,12.47,2.5921969634116,2.3809523809524,3.9041095890411,311.16731605,7.22,172.71468144044,14.551350441059,-12.5067,98.441031941735,100.98021739258,A+,2.607203,4.678889,-0.87825651302605,2.3809523809524,2024-07-26
123245.SZ,集智转债,机械设备,300553.SZ,集智股份,317.566,43.9,-0.88668474783635,-0.43093672034476,4,253.03933402,18.06,243.07862679956,30.643324829157,-21.8576,91.723164930386,246.22224412014,A,1.537404,2.546,-4.1414367042374,-4.2529989094875,2024-08-28
123247.SZ,万凯转债,基础化工,301216.SZ,万凯新材,191.5,16.78,-1.0836888810835,0.7807807807808,4.0054794520547,174.91269393000002,11.15,150.4932735426,27.24821215733,-12.2018,106.75374226207,79.384812131352,AA,19.641912,27,-8.8095238095238,-3.8395415472779,2024-09-05
123250.SZ,嘉益转债,轻工制造,301004.SZ,嘉益股份,125.395,34.24,-0.19817898188533,-0.46511627906976,4.2328767123288,5.56249516,79.66,42.982676374592,191.73381133178,-1.3109,97.003258291742,29.268853653213,A+,3.955145,3.979384,-2.0343908936789,-3.1947978512864,2024-11-26
123252.SZ,银邦转债,有色金属,300337.SZ,银邦股份,138.066,10.09,-0.017379969585054,1.4070351758794,4.4000000000001,33.524049600000005,12.5,80.72,71.043111992071,-3.6396,104.14830472837,32.566728147988,AA-,7.846395,7.85,-4.5925700702084,-1.9436345966958,2025-01-24
123253.SZ,永贵转债,机械设备,300351.SZ,永贵电器,136.085,14.53,-0.27553660020079,1.8220042046251,4.5780821917808,32.62458452,18.19,79.879054425509,70.363809359945,-3.1886,103.45987005975,31.534091354849,AA-,9.797524,9.8,-2.5737399770905,1.0431154381085,2025-03-28
123255.SZ,鼎龙转债,电子,300054.SZ,鼎龙股份,426.44,76.14,1.1336147607077,1.6284036305392,4.6328767123289,663.42890011,28.38,268.28752642706,58.948873128448,-24.9726,105.02618324816,306.03208344,AA,9.095484,9.1,-5.4924061938332,-2.0581425263699,2025-04-23
123257.SZ,安克转债,电子,300866.SZ,安克创新,155.8,115.75,0.48371493066753,-2.2546867083263,4.8383561643836,106.23849249,106.72,108.46139430285,43.645580993521,-6.6324,103.04484772375,51.196302815329,AA+,11.046342,11.0482,-2.0125786163522,-1.2119143125373,2025-07-04
123258.SZ,胜蓝转02,电子,300843.SZ,胜蓝股份,315.33,121.65,-0.92810194668912,-0.90420332355816,5.0383561643835,445.50524571,54.36,223.78587196468,40.907018495684,-17.9655,101.9926766372,209.16925645717,AA-,4.498298,4.5,-3.4211332312404,3.1194371450369,2025-09-10
123259.SZ,锦浪转02,电力设备,300763.SZ,锦浪科技,156.5,63.39,-2.4417611599768,-2.3567467652495,5.1753424657534,112.01417129000001,72.41,87.543157022511,78.768969869065,-5.958,103.65541026226,50.981024149193,AA,16.763379,16.765838,-6.7353190069248,1.0199203187251,2025-11-06
123260.SZ,卓镁转债,汽车,301398.SZ,星源卓镁,143.642,33.93,-1.7993628396024,-0.41091869680071,5.2328767123288,32.78707732,52.15,65.062320230105,120.77601827291,-3.6024,91.720706281446,56.608039584032,A+,4.499216,4.5,-4.1274545139028,-0.76045627376425,2025-11-24
123261.SZ,普联转债,计算机,300996.SZ,普联软件,192.5,17.24,-8.4214232024434,-2.5988700564972,5.3095890410959,3147.13317765,12.97,132.92212798766,44.821635730858,-8.7935,91.299730204153,110.84399654802,A+,2.428742,2.429326,-15.897731641676,-12.309257375381,2025-12-22
123262.SZ,神宇转债,通信,300563.SZ,神宇股份,132.42,23.76,-0.28314105846562,1.6253207869974,5.3260273972603,18.683182600000002,38.62,61.522527187986,115.23823232323,-2.8565,97.32033066401,36.066122151977,AA-,4.999202,5,-2.200163959852,-1.7369727047146,2025-12-30
123263.SZ,鼎捷转债,计算机,300378.SZ,鼎捷数智,150.455,36.18,-1.9562483301511,-1.1475409836066,5.33698630137,160.77525883,43.42,83.325656379549,80.562634051962,-5.199,102.34725716791,47.004428026009,AA,8.275094,8.276642,-5.9538692336542,-1.3093289689034,2025-12-31
123264.SZ,双乐转债,基础化工,301036.SZ,双乐股份,124.579,21.92,1.2606886237279,-0.49931911030413,5.3671232876711,64.72070898,36.4,60.21978021978,106.87388686131,-1.7096,97.117834245813,28.276130710123,AA-,7.99987,8,-1.6740331491713,1.528485409912,2026-01-16
123265.SZ,耐普转02,机械设备,300818.SZ,耐普矿机,136.692,20.19,-1.2911611785095,-4.6742209631728,5.4246575342465,43.718311369999995,29.5,68.440677966102,99.723328380386,-2.576,90.705208713663,50.69917366213,A+,4.499109,4.5,-5.819938128277,-5.1221804511278,2026-01-30
123266.SZ,博士转债,商贸零售,300622.SZ,博士眼镜,140.6,14.83,-1.0764792795328,-1.9828155981494,5.5917808219178,30.393992,21.54,68.848653667595,104.21604855024,-3.4912,103.08671462405,36.390029028235,AA,3.75,3.75,-4.4836956521739,-5.4209183673469,2026-04-07
123267.SZ,珂玛转债,电子,301611.SZ,珂玛科技,315.555,105.33,-0.45614998059942,2.2919296882587,5.6712328767123,350.67540477,97.47,108.06401969837,192.00746083737,-16.6311,100.9523334315,212.57821317634,AA,7.5,7.5,-6.6405325443787,4.3491182880919,2026-05-13
123268.SZ,本川转债,电子,300964.SZ,本川智能,196.9,57.9,-1.55,1.6681299385426,5.6739726027397,341.16224559,54.13,106.96471457602,84.079395509499,-8.6191,105.5826270749,86.489013822624,AA-,4.69,4.69,-10.654324348852,-2.1628928692126,2026-05-07
123269.SZ,金杨转债,电力设备,301210.SZ,金杨精密,146.712,25,-1.8898206475946,3.1353135313531,5.682191780822,96.08582061,28.24,88.526912181303,65.7258752,-4.4368,95.962442183089,52.884812706292,AA-,9.8,9.8,-6.2872472932835,2.9654036243822,2026-05-11
123270.SZ,盛德转债,钢铁,300881.SZ,盛德鑫泰,246.5,32.7,1.6914191419142,-0.15267175572518,5.7972602739726,946.79765623,53.68,60.91654247392,304.65198776758,-12.0876,88.004422147439,180.09956089141,A+,4.050968,4.050968,-3.3333333333333,-1.1786038077969,2026-06-12
123271.SZ,通合转债,电力设备,300491.SZ,通合科技,164.802,31.14,0.36662606577345,6.570841889117,5.8,253.29588052,33.18,93.851717902351,75.598277456647,-5.558,105.11774897803,56.778471383031,AA,5.219327,5.219327,-3.0576470588235,10.660980810235,2026-06-17
123272.SZ,中汽转债,汽车,301215.SZ,中汽股份,155.666,5.15,1.1323843740052,-0.96153846153846,5.8246575342466,181.51543811000002,5.99,85.976627712855,81.056182524272,-5.4928,100.90159111245,54.275069683008,AA+,10.3904,10.3904,-8.875594164891,-1.7175572519084,2026-06-30
123273.SZ,三江转债,基础化工,301059.SZ,金三江,346.5,11.42,-2.9411764705882,0.61674008810573,5.841095890411,1187.07963619,14.43,79.140679140679,337.82793345009,-16.9105,88.54838639213,291.31147852379,A+,2.9,2.9,5.8147737579361,0.97259062776304,2026-07-03
123274.SZ,维科转债,汽车,301499.SZ,维科精密,147.612,25.04,-1.6221692014449,-0.15948963317384,5.8657534246574,70.78331327,35.62,70.297585626053,109.98160702875,-3.8105,87.641055556087,68.427912082293,A+,6.3,6.3,-7.4532915360502,2.5389025389025,2026-07-10
123275.SZ,肇民转债,汽车,301000.SZ,肇民科技,145.3,25.58,-2.2582185837196,-0.85271317829458,5.9013698630138,114.80197669,33.8,75.680473372781,91.991399530884,-4.1153,95.19351565904,52.636446919798,AA-,5.9,5.9,-5.5880441845354,0.039108330074298,2026-07-24
123276.SZ,久吾转02,环保,300631.SZ,久吾高科,178.6,22.08,-2.3691604622432,1.4705882352941,5.9315068493152,448.75971032,23.78,92.851135407906,92.350905797101,-6.7137,88.083393377851,102.76239725899,A+,3,3,-4.8740086604066,0.1360544217687,2026-08-04
123277.SZ,玉禾转债,环保,300815.SZ,玉禾田,157.3,16.31,57.3,-1.6877637130802,5.9561643835616,197.38550519999998,16.35,99.755351681957,57.685775597793,-5.3824,99.877788000716,57.492474702056,AA,15,15,57.3,-0.18359853121176,2026-08-14
127025.SZ,冀东转债,建筑材料,000401.SZ,金隅冀东,105.619,3.56,0.0047342208419295,-0.83565459610027,0.22739726027407,13.08524001,12.92,27.554179566563,283.3138988764,1.5864,105.65295175048,-0.032135165102527,AAA,17.763788,28.2,0.024622844317328,-0.5586592178771,2020-12-02
127027.SZ,能化转债,煤炭,000552.SZ,甘肃能化,111.738,2.55,0.50369677454173,0.7905138339921,0.32328767123295,56.940962590000005,2.93,87.030716723549,28.389152941176,-4.8113,109.48377101154,2.0589617690709,AA+,19.463464,28,-0.40288795792851,0.39370078740157,2021-01-22
127030.SZ,盛虹转债,石油石化,000301.SZ,东方盛虹,117.35,12.61,0.98967297762478,0.63846767757382,0.60273972602749,85.40580615,13.21,95.457986373959,22.933663758921,-13.219,107.03120767317,9.6409192712598,AA+,49.974199,50,-2.1855099523222,-3.7404580152672,2021-04-21
127031.SZ,洋丰转债,基础化工,000902.SZ,新洋丰,119.116,12.92,0.43676959139277,-0.99616858237548,0.61095890410957,30.89327018,16.89,76.494967436353,55.717433436533,-9.778,110.96699560986,7.3436289280062,AA,9.999142,10,-4.0988028049949,-3.5820895522388,2021-04-23
127033.SZ,中装转2,建筑装饰,002822.SZ,ST中装,89.726,3.19,0,0,0.67123287671234,0,3.79,84.168865435356,6.6023636363636,36.9834,71.072015612281,26.246595410326,AA,0.091808,11.6,0,-0.31250000000001,2021-05-24
127034.SZ,绿茵转债,环保,002887.SZ,绿茵生态,124.777,10.2,-1.3589362509486,-3.8642789820924,0.7095890410958,36.53878141,11.21,90.990187332739,37.132369607843,-13.3012,111.53788944375,11.869608275963,AA-,4.27889,7.12,-4.0390989702297,-4.2253521126761,2021-05-28
127037.SZ,银轮转债,汽车,002126.SZ,银轮股份,547,41.98,-0.35903535888052,1.2542209358418,0.81369863013697,231.3938775,10.27,408.76338851022,33.818246784183,-98.1817,108.63769770104,403.50846122059,AA,5.055207,7,-3.1743587292652,1.6218833212297,2021-07-09
127038.SZ,国微转债,电子,002049.SZ,紫光国微,125.539,67.89,0.11084529505582,2.6459026307832,0.82191780821927,72.41112749,97.01,69.982476033399,79.38633657387,-15.0597,108.62402349609,15.572040106323,AA+,14.914944,15,-2.854644504287,0.99672716453437,2021-07-14
127040.SZ,国泰转债,商贸零售,002091.SZ,江苏国泰,122.9,7.71,1.1522633744856,1.7150395778364,0.89589041095883,106.41660574,7.35,104.89795918367,17.161478599222,-13.5325,106.55658511104,15.337780271322,AA+,39.862599,45.574186,-1.8997445721584,1.1811023622047,2021-08-10
127044.SZ,蒙娜转债,轻工制造,002918.SZ,蒙娜丽莎,120.105,9.97,-0.21020621811595,-0.39960039960039,1.0054794520547,24.98002968,19.76,50.455465587045,138.04160481444,-5.3007,111.64733975663,7.5753352133669,AA,3.368457,11.6893,-2.3131542346827,1.9427402862986,2021-09-16
127045.SZ,牧原转债,农林牧渔,002714.SZ,牧原股份,119.801,39.29,-0.54541832007836,-2.1419676214197,1.0054794520547,109.6310596,43.32,90.697137580794,32.08906388394,-9.5026,106.88397182216,12.085093730739,AA+,95.429474,95.5,-2.5136300756774,2.1315310631661,2021-09-10
127046.SZ,百润转债,食品饮料,002568.SZ,百润股份,130.633,18.99,-1.1501819860313,-3.5060975609756,1.1260273972603,47.72917596,20.33,93.408755533694,39.850915745129,-13.0753,109.85169839375,18.917597005889,AA,11.274134,11.28,-3.1559048113277,-2.5154004106776,2021-11-03
127047.SZ,帝欧转债,轻工制造,002798.SZ,帝欧水华,139.311,5.85,-0.336240261552,1.0362694300518,1.1972602739727,21.43582968,5.1,114.70588235294,21.450615384615,-13.7346,103.5363556669,34.552736671746,AA-,4.654359,15,-0.84626334519572,4.4642857142857,2021-11-26
127049.SZ,希望转2,农林牧渔,000876.SZ,新希望,115.156,6.83,0.44835226182377,-2.0086083213773,1.2191780821918,125.82329992,10.59,64.494806421152,78.550811127379,-4.7488,106.61005016306,8.0160827462937,AAA,81.43423,81.5,-0.86944544875436,-1.3005780346821,2021-11-29
127050.SZ,麒麟转债,汽车,002984.SZ,森麒麟,130.7,13.92,0.24466755125362,-1.2065294535131,1.2438356164384,39.31143041,15.07,92.368944923689,41.497772988506,-11.9372,109.62870275144,19.220602560927,AA,20.86029,21.989391,-2.2299354433315,-1.7642907551164,2021-12-06
127053.SZ,豪美转债,有色金属,002988.SZ,豪美新材,183.596,23.3,6.5250942848854,10.009442870633,1.4465753424658,605.4208184400001,17.23,135.22925130586,35.766484120172,-25.5293,117.02610696273,56.884651438051,AA-,2.574937,8.24,5.2126074498567,10.794103661436,2022-03-04
127054.SZ,双箭转债,基础化工,002381.SZ,双箭股份,124.918,5.43,-0.21487854170161,0.55555555555554,1.495890410959,31.34009251,6.96,78.01724137931,60.115889502762,-6.1019,111.08938341481,12.448189160931,AA,5.135974,5.1364,-1.9581989278959,1.8761726078799,2022-03-15
127055.SZ,精装转债,建筑装饰,002989.SZ,中天精装,196.499,25.36,3.6934036939314,10.02169197397,1.5260273972603,2026.18645155,18.5,137.08108108108,43.345090694006,-29.0377,113.38563244246,73.30149840608,AA-,2.080958,5.77,-1.3014214676779,7.3666384419983,2022-03-24
127056.SZ,中特转债,钢铁,000708.SZ,中信特钢,128.296,13.79,1.1000788022065,0.73046018991965,1.5342465753424,102.51338689,13.89,99.280057595392,29.226355329949,-10.9277,105.08358710888,22.089475178529,AAA,49.996082,50,-1.4146630089828,-0.71994240460764,2022-04-15
127059.SZ,永东转2,基础化工,002753.SZ,永东股份,128.799,6.27,0.57707324691551,0.64205457463883,1.6493150684933,23.38072484,8.11,77.31196054254,66.596473684211,-5.7149,112.99051039955,13.990988751661,AA-,3.790442,3.8,-1.3563605728728,2.2838499184339,2022-05-16
127060.SZ,湘佳转债,农林牧渔,002982.SZ,湘佳股份,128.471,12.36,-0.20972339814046,0.16207455429497,1.6794520547944,28.97977129,13.8,89.565217391304,43.438495145631,-8.1045,103.99558536942,23.535051553999,A+,6.398885,6.4,-1.034557135594,4.480135249366,2022-06-10
127061.SZ,美锦转债,煤炭,000723.SZ,美锦能源,109.998,3.61,0.29633546998806,-0.27624309392266,1.682191780822,58.76983573,3.47,104.03458213256,5.7321495844875,5.6439,108.52426738136,1.3579751830592,AA-,27.889635,35.9,1.4769781451516,2.5568181818182,2022-05-30
127062.SZ,垒知转债,建筑材料,002398.SZ,垒知集团,124.133,4.11,-0.15041827541827,-0.24271844660194,1.6849315068494,19.62665844,7.56,54.365079365079,128.33223357664,-3.4855,112.90449005617,9.9451403024299,AA-,3.95743,3.963,-1.9780792495144,0.48899755501224,2022-05-20
127064.SZ,杭氧转债,基础化工,002430.SZ,杭氧股份,139.6,23.5,-0.099471156942593,-0.71820870299958,1.7616438356165,53.18410259,25.67,91.546552395793,52.490723404255,-12.8467,106.74912870974,30.77390109627,AA+,11.363953,11.37,-3.5398658126214,-2.0425177157149,2022-07-05
127067.SZ,恒逸转2,石油石化,000703.SZ,恒逸石化,162.15,16.78,-0.22398070320096,-0.29708853238263,1.9342465753425,551.42595992,10.32,162.59689922481,-0.27485101311085,-17.9945,107.40667617474,50.968269175554,AA+,17.336496,30,-5.3873488035569,-5.2512704686618,2022-08-18
127068.SZ,顺博转债,有色金属,002996.SZ,顺博合金,123.548,6.23,-0.15112942982988,0,1.9945205479453,22.4675509,10,62.3,98.3113964687,-5.7062,105.2979953502,17.331768367578,AA-,8.299634,8.3,-2.5877158401009,-0.63795853269536,2022-09-07
127069.SZ,小熊转债,家用电器,002959.SZ,小熊电器,128.522,33.48,-0.83179012345679,-1.9906323185012,1.9945205479453,40.00771384,43.71,76.595744680851,67.792611111111,-4.4412,112.48619546868,14.255797757676,AA-,5.040528,5.36,-3.3647375504711,-1.9044828596543,2022-09-07
127070.SZ,大中转债,钢铁,001203.SZ,大中矿业,352,27.77,0.77297452046951,-0.035997120230387,2.0082191780823,906.2092786100001,10.56,262.97348484848,33.853799063738,-43.0816,111.57414873372,215.48526607186,AA,9.342219,15.2,-1.0680157391793,-1.6991150442478,2022-10-11
127072.SZ,博实转债,机械设备,002698.SZ,博实股份,136.686,12.72,-4.4153846153846,-9.0128755364807,2.1068493150685,163.93151254,14.81,85.887913571911,59.144627358491,-7.899,111.36329154245,22.738829022399,AA,4.498191,4.5,-6.6352459016393,-7.0175438596491,2022-11-03
127078.SZ,优彩转债,基础化工,002998.SZ,优彩资源,151.7,7.93,0.9603545924649,-0.75093867334168,2.3342465753424,51.85172796,6.11,129.78723404255,16.883606557377,-9.9725,107.9326214206,40.550649102501,A+,4.158156,6,-6.1140370964049,-0.25157232704403,2023-01-09
127080.SZ,声迅转债,计算机,003004.SZ,声迅股份,283,72.62,0.92724679029958,0.16551724137932,2.3780821917808,312.72537128,28.94,250.93296475466,12.779124208207,-30.9323,102.24219777528,176.79373698715,A+,2.793065,2.8,4.2357274401473,10.870229007634,2023-02-10
127082.SZ,亚科转债,有色金属,002540.SZ,亚太科技,136.19,5.1,0.27389594899055,0.39370078740157,2.5671232876712,41.93180368,5.22,97.701149425287,39.394470588235,-6.3755,110.34450057996,23.422553262014,AA,11.585384,11.59,-2.2543439722675,0.19646365422396,2023-04-27
127083.SZ,山路转债,建筑装饰,000498.SZ,山东路桥,118.705,4.92,0.34234995773457,-0.40485829959515,2.6082191780822,81.24801095000001,7.42,66.307277628032,79.022581300813,-2.479,106.751370418,11.19763571671,AA+,48.358896,48.36,-2.1183435855996,-0.60606060606061,2023-04-26
127084.SZ,柳工转2,机械设备,000528.SZ,柳工,143.2,8.13,-0.020945332681702,-0.85365853658535,2.6164383561643,69.27494965000001,6.98,116.47564469914,22.944157441574,-7.9214,111.05779359214,28.941873747192,AAA,24.809251,30,-1.6854896845285,-2.7511961722488,2023-04-20
127085.SZ,韵达转债,交通运输,002120.SZ,韵达股份,121.581,6.7,0.68903262138818,0.14947683109118,2.6575342465753,46.93614436,11.53,58.109280138768,109.22819850746,-3.3215,106.55843954589,14.097954622959,AA+,24.498807,24.5,-2.6082010942269,-0.14903129657228,2023-05-23
127088.SZ,赫达转债,基础化工,002810.SZ,山东赫达,168.863,20.13,-0.61035903472631,-0.049652432969223,2.8849315068494,42.973223049999994,16.61,121.19205298013,39.335043715847,-11.6993,110.59590469457,52.684677128273,AA-,5.996065,6,-5.4857162047195,-0.54347826086956,2023-07-19
127089.SZ,晶澳转债,电力设备,002459.SZ,晶澳科技,122.7,7.56,0.15100191813248,-0.78740157480316,2.9260273972602,60.34416269,8.9,84.943820224719,44.448412698413,-3.3246,105.82563054323,15.945446646665,AA+,89.587945,89.603077,-1.922385196435,-2.0725388601036,2023-08-04
127092.SZ,运机转债,机械设备,001288.SZ,运机集团,302.072,26.65,-0.42195205569766,1.5625,3.1041095890412,204.33550900999998,11.91,223.76154492024,34.997280300188,-25.9843,111.75340090935,170.3022883796,AA-,5.249455,7.3,-6.7457389564804,-4.136690647482,2023-10-20
127093.SZ,章鼓转债,机械设备,002598.SZ,ST章鼓,130.134,6.68,-0.026120090959391,-0.44709388971684,3.1753424657534,3.51479708,8.3,80.481927710843,61.693443113772,-3.077,96.055964496055,35.477271695445,A+,2.424582,2.43,-1.82270841192,0.75414781297134,2023-11-03
127095.SZ,广泰转债,国防军工,002111.SZ,威海广泰,146.466,9.62,0.3095593573219,1.9067796610169,3.1780821917807,25.0447244,8.83,108.94677236693,34.438126819127,-6.364,110.33045980327,32.752097889521,AA-,6.927387,7,-2.9216432254729,0.31282586027111,2023-11-10
127096.SZ,泰坦转债,机械设备,003036.SZ,泰坦股份,577.2,56.05,-0.29297144910311,1.8165304268847,3.1972602739727,1413.6916748699998,13.2,424.62121212121,35.932917038359,-39.2372,97.630414552106,491.20920734383,A,2.874523,2.955,0.08670019074042,4.4539694371972,2023-11-15
127098.SZ,欧晶转债,电力设备,001269.SZ,欧晶科技,124.175,19.45,-0.33869194282366,-0.51150895140666,3.2794520547945,10.850795300000001,42,46.309523809524,168.14138817481,-2.0674,100.02823885294,24.13994430369,AA-,4.692622,4.7,-1.2878095313804,0.98650051921079,2023-12-15
127099.SZ,盛航转债,交通运输,001205.SZ,盛航股份,134.3,13.77,0.17977159310454,0.07267441860465,3.3123287671233,23.47849186,15.33,89.823874755382,49.514814814815,-3.4832,110.24985864235,21.814215141688,AA-,4.54067,7.4,-1.6333406577309,1.25,2023-12-28
127102.SZ,浙建转债,建筑装饰,002761.SZ,浙江建投,121.379,7.19,0.025546362527611,-1.5068493150685,3.3643835616438,39.7744504,10.17,70.698131760079,71.686290681502,-2.429,105.78736484538,14.738655393681,AA+,9.950782,10,-1.7317314075681,0.84151472650772,2024-01-16
127103.SZ,东南转债,建筑装饰,002135.SZ,东南网架,139,6.14,0.14914296830531,0.49099836333878,3.3890410958904,82.51370979000001,5.59,109.83899821109,26.548859934853,-6.2154,105.82346469944,31.350830739465,AA,19.9987,20,-5.4112907616092,-4.5101088646967,2024-01-24
127104.SZ,姚记转债,传媒,002605.SZ,姚记科技,145.132,18.04,-0.3898421413864,0.44543429844097,3.4493150684932,23.03270714,19.58,92.134831460674,57.521317073171,-5.4251,102.63638505143,41.404044898192,A+,5.822538,5.831273,-3.4320314059485,-2.0629750271444,2024-02-26
127105.SZ,龙星转债,基础化工,002442.SZ,龙星科技,130.89,4.96,-0.29175839662384,0.2020202020202,3.4684931506849,38.36139439,5.8,85.51724137931,53.05685483871,-2.6838,109.22151086684,19.839030756114,AA-,7.541072,7.547539,-1.8131080888475,0.60851926977688,2024-03-06
127108.SZ,太能转债,公用事业,000591.SZ,太阳能,125.257,4.33,0.010379738749964,-2.2573363431151,4.6191780821919,101.3790707,5.54,78.158844765343,60.259533487298,-1.5099,107.74127951568,16.25720481793,AA+,29.498069,29.5,-1.7283853758042,-2.6966292134831,2025-04-16
127109.SZ,电化转债,电力设备,002125.SZ,湘潭电化,170.55,12.64,-3.0965909090909,0,4.8383561643836,110.00103665,9.99,126.52652652653,34.793868670886,-8.0163,104.59192724026,63.06229792307,AA,4.865605,4.87,-5.0918196994992,0.79744816586923,2025-07-04
127110.SZ,广核转债,公用事业,003816.SZ,中国广核,135.979,3.85,-0.74525547445254,-1.53452685422,4.9013698630138,121.76499602,3.58,107.54189944134,26.44281038961,-4.2927,101.13115825753,34.458066478118,AAA,48.992314,49,-1.3393796481045,-1.0282776349614,2025-07-25
127111.SZ,金威转债,食品饮料,002626.SZ,金达威,137,16.1,-1.509705248023,-1.8292682926829,5.0164383561644,77.28360141,19.19,83.897863470558,63.293788819876,-3.7246,103.25659145312,32.679181127339,AA,12.923534,12.923948,3.8657781214699,7.620320855615,2025-09-08
127112.SZ,尚太转债,电力设备,001301.SZ,尚太科技,150.469,54.13,0.86743757331991,0.68824404761906,5.4246575342465,140.01184599,60.02,90.186604465178,66.841850729725,-5.4506,101.01578617534,48.955926293363,AA+,17.339524,17.34,-0.14930919611928,3.2424184627122,2026-02-05
127113.SZ,长高转债,电力设备,002452.SZ,长高电气,162.099,11.45,-0.57106054100473,0.79225352112676,5.5671232876712,40.90974396,10.92,104.85347985348,54.595727510917,-6.2409,96.371020555237,68.20305426473,AA-,7.586007,7.586007,-5.094262295082,-0.43478260869566,2026-03-30
127114.SZ,宜化转债,基础化工,000422.SZ,湖北宜化,141.1,12.71,1.0281819223279,0.23659305993692,5.8657534246574,189.45345803,14.08,90.269886363636,56.309047993706,-3.6543,101.8167542021,38.582300237071,AA+,33,33,-3.620218579235,-3.7121212121212,2026-07-14
127115.SZ,炬申转债,交通运输,001202.SZ,炬申股份,188.76,13.36,20,-0.37285607755407,5.9424657534246,52.77786228,13.76,97.093023255814,94.411497005988,-8.2591,95.074768763731,98.538479193239,AA-,3.8,3.8,88.76,2.6113671274962,2026-08-13
128127.SZ,文科转债,建筑装饰,002775.SZ,文科股份,114.721,3.64,0.027029383555677,-1.8867924528302,0.016438356164372,158.17105165,3.92,92.857142857143,23.545692307692,14.797,114.9168200941,-0.17040159477461,AA-,7.199787,9.5,-0.047919425663895,-5.4545454545455,2020-09-11
128128.SZ,齐翔转2,石油石化,002408.SZ,齐翔腾达,109.951,5.02,0.015463823748791,2.0325203252032,0.016438356164372,65.65932139,5.37,93.482309124767,17.616906374502,2.7109,109.92043661175,0.027805009868815,AA,6.780003,29.9,-0.0036378518484879,-2.5242718446602,2020-09-15
128129.SZ,青农转债,银行,002958.SZ,青农商行,107.947,2.93,0.0009263891204905,-1.0135135135135,0.030136986301386,148.9479446,3.88,75.515463917526,42.946880546075,1.629,107.85682906425,0.083602435315288,AAA,49.995938,50,0.043558850787764,-2.3333333333333,2020-09-18
128134.SZ,鸿路转债,建筑装饰,002541.SZ,鸿路钢构,115.651,19.14,-0.81389365351629,-2.4464831804281,0.15342465753429,54.204709439999995,17.49,109.43396226415,5.6810862068965,-31.8481,109.74924819103,5.3774872322587,AA,15.640148,18.8,0.39149305555555,2.3529411764706,2020-11-02
128135.SZ,洽洽转债,食品饮料,002557.SZ,洽洽食品,114.656,18.97,0.0087225023114676,-2.0144628099174,0.18356164383567,11.70231282,54.95,34.522292993631,232.12162361624,1.6347,114.68642696959,-0.026530575932741,AA,13.398191,13.4,0.0052333187963369,-2.0144628099174,2020-11-18
128136.SZ,立讯转债,电子,002475.SZ,立讯精密,118.475,56.58,-0.57902907732976,0.92757759543346,0.22191780821913,167.23613305,55.67,101.63463265673,16.569516613644,-39.8416,107.65020130844,10.055530375228,AA+,29.847951,30,-4.3785310734463,-0.71942446043166,2020-12-02
128138.SZ,侨银转债,环保,002973.SZ,侨银股份,130.933,11.88,0.20127037575572,-0.99999999999999,0.26027397260282,57.08521068,10.6,112.07547169811,16.825740740741,-2.7378,128.7020200141,1.7334459751686,AA-,4.198606,4.2,0.40489245044284,5.8823529411765,2020-12-24
128142.SZ,新乳转债,食品饮料,002946.SZ,新乳业,114.494,15.81,-0.78079639499111,-4.1237113402062,0.34520547945203,38.681879,17.5,90.342857142857,26.732764073371,-11.3702,109.4317738689,4.6259198330853,AA,7.17767,7.18,-1.2148194164035,-4.9308478653037,2021-01-19
