date,balance,count
2002-01-06,7.27452,3
2002-01-13,7.27452,3
2002-01-20,7.27452,3
2002-01-27,7.27452,3
2002-02-03,7.27452,3
2002-02-10,7.27452,3
2002-02-17,7.27452,2
2002-02-24,7.27452,2
2002-03-03,7.27452,2
2002-03-10,7.27452,2
2002-03-17,7.27452,3
2002-03-24,7.27452,3
2002-03-31,7.27224,3
2002-04-07,7.27217,3
2002-04-14,7.27217,2
2002-04-21,7.27217,4
2002-04-28,7.27217,4
2002-05-05,7.27217,4
2002-05-12,7.27217,4
2002-05-19,7.27217,4
2002-05-26,15.57217,3
2002-06-02,15.57217,3
2002-06-09,15.57217,3
2002-06-16,15.57217,4
2002-06-23,15.57217,4
2002-06-30,15.57217,4
2002-07-07,30.5602,4
2002-07-14,30.5602,5
2002-07-21,30.5602,5
2002-07-28,30.5602,5
2002-08-04,30.5602,5
2002-08-11,30.5602,3
2002-08-18,30.5602,5
2002-08-25,30.5602,5
2002-09-01,30.5602,5
2002-09-08,33.7602,5
2002-09-15,33.7602,6
2002-09-22,33.7602,6
2002-09-29,33.7602,6
2002-10-06,41.74382,6
2002-10-13,41.74382,6
2002-10-20,41.74382,6
2002-10-27,41.74382,6
2002-11-03,41.74382,6
2002-11-10,41.74382,6
2002-11-17,41.74382,6
2002-11-24,41.74382,6
2002-12-01,41.74382,6
2002-12-08,41.74382,6
2002-12-15,41.74382,6
2002-12-22,41.74382,6
2002-12-29,41.74382,6
2003-01-05,41.74301,6
2003-01-12,41.74301,6
2003-01-19,41.74301,6
2003-01-26,41.74301,6
2003-02-02,41.74301,6
2003-02-09,41.74301,6
2003-02-16,41.74301,6
2003-02-23,41.74301,6
2003-03-02,41.74301,6
2003-03-09,41.74301,6
2003-03-16,41.74301,6
2003-03-23,41.74301,6
2003-03-30,41.74301,6
2003-04-06,41.65803,7
2003-04-13,41.65803,7
2003-04-20,38.61121,7
2003-04-27,50.51121,7
2003-05-04,50.51121,7
2003-05-11,50.51121,7
2003-05-18,50.51121,7
2003-05-25,50.51121,7
2003-06-01,50.51121,7
2003-06-08,50.51121,8
2003-06-15,50.51121,8
2003-06-22,50.51121,8
2003-06-29,58.51121,8
2003-07-06,52.55563,9
2003-07-13,52.55563,9
2003-07-20,52.55563,10
2003-07-27,60.49942,10
2003-08-03,60.49942,10
2003-08-10,80.49942,10
2003-08-17,80.49942,11
2003-08-24,80.49942,11
2003-08-31,80.49942,10
2003-09-07,85.31658,11
2003-09-14,85.31658,11
2003-09-21,85.31658,11
2003-09-28,89.31658,11
2003-10-05,87.94539,11
2003-10-12,87.94539,11
2003-10-19,87.94539,11
2003-10-26,87.94531,11
2003-11-02,87.94531,12
2003-11-09,87.94531,12
2003-11-16,87.94531,12
2003-11-23,97.44531,12
2003-11-30,97.44531,12
2003-12-07,97.44531,12
2003-12-14,97.44531,12
2003-12-21,97.44531,12
2003-12-28,97.44531,12
2004-01-04,95.34948,13
2004-01-11,95.34948,13
2004-01-18,95.34948,13
2004-01-25,99.34948,13
2004-02-01,99.34948,13
2004-02-08,99.34948,13
2004-02-15,99.34948,13
2004-02-22,99.34948,13
2004-02-29,99.34948,13
2004-03-07,94.559748,13
2004-03-14,94.559748,13
2004-03-21,94.559748,13
2004-03-28,94.559748,13
2004-04-04,78.592304,13
2004-04-11,77.288954,13
2004-04-18,76.488467,13
2004-04-25,75.14311,13
2004-05-02,75.14311,13
2004-05-09,75.14311,12
2004-05-16,75.14311,12
2004-05-23,75.14311,12
2004-05-30,75.14311,12
2004-06-06,75.14311,12
2004-06-13,75.14311,12
2004-06-20,75.14311,12
2004-06-27,75.14311,12
2004-07-04,68.57468,12
2004-07-11,68.57468,12
2004-07-18,68.57468,13
2004-07-25,68.57468,13
2004-08-01,68.57468,13
2004-08-08,68.57468,13
2004-08-15,88.57468,13
2004-08-22,88.57468,13
2004-08-29,88.57468,13
2004-09-05,88.57468,13
2004-09-12,88.57468,13
2004-09-19,88.57468,14
2004-09-26,88.57468,15
2004-10-03,88.57468,15
2004-10-10,107.37926,15
2004-10-17,107.37926,15
2004-10-24,127.27926,15
2004-10-31,127.27926,15
2004-11-07,127.27926,15
2004-11-14,127.27926,15
2004-11-21,127.27926,15
2004-11-28,127.27926,15
2004-12-05,127.27926,15
2004-12-12,127.27926,15
2004-12-19,127.27926,15
2004-12-26,127.27926,15
2005-01-02,126.520639,15
2005-01-09,126.520639,15
2005-01-16,126.520639,15
2005-01-23,126.520509,15
2005-01-30,126.520409,15
2005-02-06,126.520409,15
2005-02-13,126.520409,15
2005-02-20,126.520409,15
2005-02-27,126.520231,15
2005-03-06,126.520231,15
2005-03-13,125.314555,15
2005-03-20,125.314555,15
2005-03-27,125.314555,15
2005-04-03,123.316054,15
2005-04-10,123.316054,15
2005-04-17,123.316054,15
2005-04-24,120.760003,14
2005-05-01,120.760003,14
2005-05-08,120.760003,14
2005-05-15,120.760003,14
2005-05-22,120.760003,14
2005-05-29,120.760003,14
2005-06-05,120.760003,14
2005-06-12,120.760003,14
2005-06-19,120.760003,14
2005-06-26,120.760003,14
2005-07-03,120.018431,14
2005-07-10,120.018431,14
2005-07-17,120.018431,14
2005-07-24,120.018431,14
2005-07-31,120.018431,14
2005-08-07,120.018431,14
2005-08-14,120.018431,14
2005-08-21,119.776862,14
2005-08-28,119.560991,14
2005-09-04,119.560991,14
2005-09-11,119.560991,14
2005-09-18,119.560991,14
2005-09-25,119.560991,14
2005-10-02,119.437386,14
2005-10-09,119.387308,14
2005-10-16,119.387308,14
2005-10-23,119.387217,14
2005-10-30,114.420255,14
2005-11-06,107.064454,14
2005-11-13,106.964394,14
2005-11-20,106.964394,14
2005-11-27,105.521659,14
2005-12-04,105.519229,14
2005-12-11,105.151781,14
2005-12-18,102.339323,14
2005-12-25,97.101848,14
2006-01-01,95.547287,14
2006-01-08,93.496426,13
2006-01-15,91.094058,13
2006-01-22,89.093968,13
2006-01-29,89.093948,13
2006-02-05,89.093928,13
2006-02-12,89.093928,13
2006-02-19,86.441614,13
2006-02-26,81.207064,13
2006-03-05,81.171198,13
2006-03-12,80.884378,13
2006-03-19,79.120557,13
2006-03-26,79.011558,13
2006-04-02,75.553811,13
2006-04-09,74.089099,12
2006-04-16,73.925965,12
2006-04-23,73.402578,12
2006-04-30,73.330908,12
2006-05-07,73.064228,12
2006-05-14,73.064228,12
2006-05-21,72.748794,12
2006-05-28,72.657155,12
2006-06-04,72.172442,12
2006-06-11,71.748295,12
2006-06-18,71.692881,11
2006-06-25,71.274742,11
2006-07-02,59.14127,11
2006-07-09,58.862538,11
2006-07-16,57.424978,11
2006-07-23,57.204447,11
2006-07-30,56.717216,12
2006-08-06,56.13535,12
2006-08-13,53.139682,12
2006-08-20,43.42317,12
2006-08-27,42.407277,12
2006-09-03,42.28613,12
2006-09-10,41.697406,12
2006-09-17,41.238775,12
2006-09-24,41.238775,11
2006-10-01,41.238775,11
2006-10-08,41.238645,11
2006-10-15,41.238645,11
2006-10-22,41.238645,11
2006-10-29,41.238645,12
2006-11-05,41.238645,12
2006-11-12,41.238645,12
2006-11-19,45.138645,12
2006-11-26,45.138645,12
2006-12-03,45.138645,13
2006-12-10,45.138645,13
2006-12-17,45.138645,13
2006-12-24,45.138645,13
2006-12-31,55.138635,13
2007-01-07,55.115425,13
2007-01-14,55.115425,14
2007-01-21,55.115383,14
2007-01-28,57.103778,14
2007-02-04,57.103475,14
2007-02-11,57.103475,15
2007-02-18,54.966548,15
2007-02-25,53.915152,15
2007-03-04,53.915152,15
2007-03-11,69.265771,15
2007-03-18,67.574563,15
2007-03-25,66.661417,15
2007-04-01,65.271647,15
2007-04-08,56.902072,15
2007-04-15,55.544876,14
2007-04-22,50.915912,14
2007-04-29,46.729351,14
2007-05-06,45.564457,14
2007-05-13,39.156308,14
2007-05-20,38.724254,14
2007-05-27,37.433648,14
2007-06-03,40.63402,15
2007-06-10,38.47663,14
2007-06-17,37.24711,14
2007-06-24,36.56864,14
2007-07-01,36.56864,14
2007-07-08,35.04019,15
2007-07-15,34.81893,15
2007-07-22,54.818909,14
2007-07-29,54.818566,14
2007-08-05,54.818511,14
2007-08-12,54.785506,14
2007-08-19,45.093786,13
2007-08-26,44.039813,13
2007-09-02,42.111981,13
2007-09-09,40.686745,13
2007-09-16,37.496167,13
2007-09-23,39.763679,13
2007-09-30,36.137276,14
2007-10-07,34.713917,15
2007-10-14,34.713917,15
2007-10-21,38.713917,15
2007-10-28,38.713917,15
2007-11-04,43.213822,14
2007-11-11,43.213822,14
2007-11-18,43.213775,14
2007-11-25,43.213678,14
2007-12-02,43.213178,14
2007-12-09,43.211774,14
2007-12-16,43.211774,15
2007-12-23,43.189141,15
2007-12-30,43.141472,15
2008-01-06,73.124662,15
2008-01-13,72.323181,15
2008-01-20,72.312302,16
2008-01-27,72.311534,16
2008-02-03,72.286125,16
2008-02-10,80.466125,16
2008-02-17,80.463822,16
2008-02-24,80.462422,16
2008-03-02,74.293442,17
2008-03-09,74.243322,17
2008-03-16,74.243322,17
2008-03-23,69.938442,17
2008-03-30,65.812292,17
2008-04-06,64.576802,17
2008-04-13,64.576802,17
2008-04-20,64.529604,18
2008-04-27,64.529604,18
2008-05-04,64.529604,18
2008-05-11,64.470731,18
2008-05-18,64.470731,18
2008-05-25,92.470731,18
2008-06-01,92.470731,18
2008-06-08,92.470731,18
2008-06-15,90.415271,18
2008-06-22,90.415271,18
2008-06-29,90.415271,18
2008-07-06,89.35062,17
2008-07-13,89.35062,17
2008-07-20,89.35062,16
2008-07-27,89.35062,16
2008-08-03,89.35062,16
2008-08-10,89.35062,16
2008-08-17,89.35062,16
2008-08-24,89.35062,17
2008-08-31,89.35062,17
2008-09-07,89.35062,17
2008-09-14,116.95062,17
2008-09-21,116.95062,16
2008-09-28,116.95062,15
2008-10-05,116.856138,15
2008-10-12,116.856138,15
2008-10-19,116.856138,15
2008-10-26,116.856138,15
2008-11-02,115.891228,15
2008-11-09,115.891228,15
2008-11-16,115.891228,15
2008-11-23,115.891228,15
2008-11-30,115.891228,15
2008-12-07,115.891228,15
2008-12-14,115.891228,15
2008-12-21,115.891228,15
2008-12-28,115.891228,15
2009-01-04,114.245525,15
2009-01-11,114.245525,15
2009-01-18,114.245525,15
2009-01-25,114.245511,15
2009-02-01,114.245496,15
2009-02-08,114.245496,15
2009-02-15,114.245492,15
2009-02-22,112.826739,15
2009-03-01,112.170554,15
2009-03-08,112.170533,15
2009-03-15,112.170523,15
2009-03-22,110.804621,15
2009-03-29,110.804621,15
2009-04-05,110.418629,15
2009-04-12,110.418629,15
2009-04-19,108.103148,15
2009-04-26,107.737698,15
2009-05-03,107.563232,15
2009-05-10,107.108993,15
2009-05-17,106.217751,15
2009-05-24,102.474752,15
2009-05-31,101.661612,15
2009-06-07,101.112606,15
2009-06-14,101.112606,15
2009-06-21,101.112496,15
2009-06-28,101.112496,15
2009-07-05,96.595246,15
2009-07-12,96.535345,15
2009-07-19,96.520688,15
2009-07-26,96.520688,15
2009-08-02,96.520652,15
2009-08-09,96.520602,15
2009-08-16,95.573396,15
2009-08-23,95.474485,15
2009-08-30,83.87522,16
2009-09-06,83.87522,17
2009-09-13,83.87522,17
2009-09-20,73.03446,19
2009-09-27,75.68446,20
2009-10-04,87.648513,20
2009-10-11,87.648513,20
2009-10-18,95.148513,20
2009-10-25,104.898513,21
2009-11-01,104.898513,21
2009-11-08,113.108513,21
2009-11-15,113.108503,21
2009-11-22,113.108503,21
2009-11-29,113.108503,21
2009-12-06,113.108503,21
2009-12-13,113.108503,21
2009-12-20,110.908523,21
2009-12-27,110.902283,21
2010-01-03,108.61533,21
2010-01-10,108.61533,21
2010-01-17,108.61533,21
2010-01-24,108.61533,21
2010-01-31,106.4231,21
2010-02-07,106.41222,21
2010-02-14,106.41222,21
2010-02-21,106.41222,21
2010-02-28,106.41222,21
2010-03-07,106.41222,21
2010-03-14,106.41222,21
2010-03-21,106.409687,21
2010-03-28,106.40882,21
2010-04-04,106.284114,21
2010-04-11,106.282469,21
2010-04-18,105.995867,21
2010-04-25,105.277621,21
2010-05-02,102.880549,21
2010-05-09,90.068564,21
2010-05-16,88.002997,21
2010-05-23,87.186637,21
2010-05-30,86.250182,21
2010-06-06,85.851001,23
2010-06-13,83.753929,23
2010-06-20,83.753929,23
2010-06-27,483.753929,23
2010-07-04,490.251129,23
2010-07-11,490.251129,23
2010-07-18,490.251129,24
2010-07-25,490.251129,24
2010-08-01,490.251129,24
2010-08-08,490.251129,24
2010-08-15,510.251129,24
2010-08-22,510.251049,24
2010-08-29,510.251049,25
2010-09-05,510.251049,26
2010-09-12,510.251049,26
2010-09-19,760.251049,26
2010-09-26,760.569449,26
2010-10-03,760.435049,26
2010-10-10,760.435049,26
2010-10-17,760.435049,27
2010-10-24,760.435049,27
2010-10-31,752.352119,27
2010-11-07,752.352119,27
2010-11-14,763.652119,26
2010-11-21,763.652119,25
2010-11-28,763.652119,28
2010-12-05,763.651979,28
2010-12-12,763.651143,28
2010-12-19,779.651143,27
2010-12-26,779.651143,28
2011-01-02,779.649552,28
2011-01-09,779.649552,29
2011-01-16,779.649542,29
2011-01-23,775.797645,28
2011-01-30,781.408515,29
2011-02-06,780.309649,29
2011-02-13,779.40607,31
2011-02-20,779.403723,31
2011-02-27,810.091697,32
2011-03-06,809.840819,32
2011-03-13,1040.370501,32
2011-03-20,1038.511234,32
2011-03-27,1033.329861,33
2011-04-03,1033.02502,33
2011-04-10,1052.945171,33
2011-04-17,1052.645916,33
2011-04-24,1052.208287,33
2011-05-01,1049.851493,33
2011-05-08,1049.287041,33
2011-05-15,1049.199008,33
2011-05-22,1048.742035,33
2011-05-29,1048.354591,33
2011-06-05,1048.248912,33
2011-06-12,1048.248912,33
2011-06-19,1048.248912,33
2011-06-26,1048.248912,33
2011-07-03,1048.243872,33
2011-07-10,1048.243872,33
2011-07-17,1048.243872,33
2011-07-24,1048.243829,34
2011-07-31,1048.243816,34
2011-08-07,1048.241216,35
2011-08-14,1051.741216,35
2011-08-21,1111.241213,35
2011-08-28,1111.241203,36
2011-09-04,1111.240751,36
2011-09-11,1166.240672,36
2011-09-18,1166.240672,36
2011-09-25,1166.240672,35
2011-10-02,1165.184882,36
2011-10-09,1165.184882,36
2011-10-16,1165.184882,36
2011-10-23,1165.184882,36
2011-10-30,1165.184882,36
2011-11-06,1165.181637,36
2011-11-13,1165.181627,36
2011-11-20,1165.181627,36
2011-11-27,1165.181626,36
2011-12-04,1162.925506,35
2011-12-11,1162.925496,35
2011-12-18,1162.925496,35
2011-12-25,1162.925496,35
2012-01-01,1162.925496,35
2012-01-08,1162.624316,35
2012-01-15,1162.624316,34
2012-01-22,1162.623856,34
2012-01-29,1158.091258,34
2012-02-05,1158.091258,34
2012-02-12,1157.727645,33
2012-02-19,1157.727612,33
2012-02-26,1157.727602,33
2012-03-04,1151.544884,33
2012-03-11,1151.544807,33
2012-03-18,1151.544551,33
2012-03-25,1151.544551,34
2012-04-01,1143.697889,34
2012-04-08,1134.446605,34
2012-04-15,1134.446554,34
2012-04-22,1138.946437,34
2012-04-29,1138.946353,34
2012-05-06,1138.643427,34
2012-05-13,1137.602621,33
2012-05-20,1137.602616,33
2012-05-27,1137.602176,33
2012-06-03,1137.599257,33
2012-06-10,1137.599156,34
2012-06-17,1137.599156,34
2012-06-24,1218.100654,34
2012-07-01,1218.099984,34
2012-07-08,1218.090744,33
2012-07-15,1218.090744,33
2012-07-22,1218.090744,33
2012-07-29,1218.090744,33
2012-08-05,1218.090471,33
2012-08-12,1218.090399,33
2012-08-19,1218.090316,33
2012-08-26,1218.090265,33
2012-09-02,1218.090165,33
2012-09-09,1218.090165,32
2012-09-16,1218.090165,32
2012-09-23,1218.090155,32
2012-09-30,1218.090155,31
2012-10-07,1218.089162,30
2012-10-14,1218.089162,30
2012-10-21,1218.089162,31
2012-10-28,1278.089162,30
2012-11-04,1276.566582,30
2012-11-11,1276.50404,30
2012-11-18,1276.434533,30
2012-11-25,1276.434533,30
2012-12-02,1266.982648,30
2012-12-09,1266.982644,31
2012-12-16,1249.033612,30
2012-12-23,1249.033612,31
2012-12-30,1255.533609,31
2013-01-06,1255.163019,31
2013-01-13,1255.163019,32
2013-01-20,1258.363009,31
2013-01-27,1258.362898,31
2013-02-03,1257.463666,31
2013-02-10,1256.932905,31
2013-02-17,1256.54638,31
2013-02-24,1256.54638,31
2013-03-03,1255.522249,30
2013-03-10,1253.993688,30
2013-03-17,1253.4507,30
2013-03-24,1452.835394,30
2013-03-31,1452.280741,31
2013-04-07,1448.296615,31
2013-04-14,1447.823496,31
2013-04-21,1447.795676,30
2013-04-28,1447.591793,29
2013-05-05,1447.527566,29
2013-05-12,1440.347075,29
2013-05-19,1440.212636,29
2013-05-26,1439.710683,29
2013-06-02,1432.042258,29
2013-06-09,1429.563259,29
2013-06-16,1429.563259,29
2013-06-23,1429.563046,28
2013-06-30,1429.556716,28
2013-07-07,1420.238591,28
2013-07-14,1412.259913,27
2013-07-21,1412.259913,27
2013-07-28,1412.259913,27
2013-08-04,1391.566853,27
2013-08-11,1391.566669,27
2013-08-18,1396.152519,28
2013-08-25,1368.576789,27
2013-09-01,1368.576758,28
2013-09-08,1366.727615,28
2013-09-15,1366.727302,28
2013-09-22,1392.727181,28
2013-09-29,1392.727141,29
2013-10-06,1365.640881,29
2013-10-13,1365.640877,29
2013-10-20,1365.640867,29
2013-10-27,1365.640867,29
2013-11-03,1390.555197,29
2013-11-10,1390.555197,29
2013-11-17,1390.555191,30
2013-11-24,1389.6174,30
2013-12-01,1646.894885,30
2013-12-08,1626.045671,31
2013-12-15,1625.720416,31
2013-12-22,1641.561575,31
2013-12-29,1641.409644,32
2014-01-05,1605.884996,32
2014-01-12,1605.847895,32
2014-01-19,1605.845975,32
2014-01-26,1605.845965,32
2014-02-02,1605.845704,32
2014-02-09,1605.809454,32
2014-02-16,1600.316378,32
2014-02-23,1599.312455,32
2014-03-02,1598.925914,32
2014-03-09,1601.687081,32
2014-03-16,1601.023793,33
2014-03-23,1600.720771,33
2014-03-30,1600.653174,33
2014-04-06,1585.805977,33
2014-04-13,1585.727009,33
2014-04-20,1585.703567,33
2014-04-27,1598.083465,33
2014-05-04,1598.014491,33
2014-05-11,1597.76345,33
2014-05-18,1597.720902,34
2014-05-25,1622.562809,34
2014-06-01,1622.477125,34
2014-06-08,1622.11469,35
2014-06-15,1621.907612,35
2014-06-22,1621.026868,35
2014-06-29,1627.150721,35
2014-07-06,1617.780344,35
2014-07-13,1617.449901,36
2014-07-20,1656.959308,36
2014-07-27,1674.663651,37
2014-08-03,1670.4686,38
2014-08-10,1666.413458,38
2014-08-17,1666.263324,37
2014-08-24,1672.203289,37
2014-08-31,1671.97538,36
2014-09-07,1653.195611,36
2014-09-14,1669.142275,35
2014-09-21,1675.721654,34
2014-09-28,1672.677271,34
2014-10-05,1663.372857,34
2014-10-12,1663.15423,34
2014-10-19,1762.320839,34
2014-10-26,1761.437513,34
2014-11-02,1759.332564,35
2014-11-09,1758.272524,35
2014-11-16,1732.787993,35
2014-11-23,1732.353335,34
2014-11-30,1722.37402,34
2014-12-07,1695.640506,33
2014-12-14,1743.191094,33
2014-12-21,1785.741835,33
2014-12-28,1754.223822,35
2015-01-04,1202.958796,35
2015-01-11,1099.867875,33
2015-01-18,1098.107183,32
2015-01-25,1096.273291,32
2015-02-01,1066.399956,32
2015-02-08,1029.191979,36
2015-02-15,796.709521,35
2015-02-22,782.310912,33
2015-03-01,763.431601,31
2015-03-08,647.215893,30
2015-03-15,603.041163,27
2015-03-22,602.601887,27
2015-03-29,601.94146,27
2015-04-05,591.979055,27
2015-04-12,590.277693,27
2015-04-19,574.659963,27
2015-04-26,562.332834,26
2015-05-03,530.260511,25
2015-05-10,527.92155,22
2015-05-17,519.117218,21
2015-05-24,442.498675,21
2015-05-31,393.300264,21
2015-06-07,387.966562,19
2015-06-14,399.266053,19
2015-06-21,421.969392,16
2015-06-28,237.027289,16
2015-07-05,225.706306,16
2015-07-12,170.798144,16
2015-07-19,170.797916,15
2015-07-26,170.793014,14
2015-08-02,170.792944,14
2015-08-09,170.792844,14
2015-08-16,170.792842,14
2015-08-23,170.792802,14
2015-08-30,170.792802,13
2015-09-06,170.792802,13
2015-09-13,170.792402,13
2015-09-20,170.761832,12
2015-09-27,170.761832,12
2015-10-04,170.761832,12
2015-10-11,170.761832,13
2015-10-18,170.761832,13
2015-10-25,170.761571,12
2015-11-01,180.761526,13
2015-11-08,180.761521,14
2015-11-15,230.760953,14
2015-11-22,230.760223,14
2015-11-29,230.759728,14
2015-12-06,230.759708,14
2015-12-13,230.759698,15
2015-12-20,250.757988,16
2015-12-27,264.757579,16
2016-01-03,264.743519,16
2016-01-10,309.743519,18
2016-01-17,337.743419,19
2016-01-24,352.701629,21
2016-01-31,398.830499,21
2016-02-07,398.829798,21
2016-02-14,398.826558,21
2016-02-21,398.826558,21
2016-02-28,398.8264,22
2016-03-06,433.82541,22
2016-03-13,438.02541,22
2016-03-20,438.02541,18
2016-03-27,445.62541,18
2016-04-03,445.62541,18
2016-04-10,445.62457,18
2016-04-17,445.62106,18
2016-04-24,453.6204,20
2016-05-01,462.07024,20
2016-05-08,462.07001,20
2016-05-15,462.06692,20
2016-05-22,462.06661,20
2016-05-29,462.06641,20
2016-06-05,462.06568,20
2016-06-12,462.06564,21
2016-06-19,473.175547,21
2016-06-26,473.175347,22
2016-07-03,498.169379,22
2016-07-10,498.169268,22
2016-07-17,498.168352,22
2016-07-24,498.168267,22
2016-07-31,498.166877,23
2016-08-07,510.16325,23
2016-08-14,510.163249,23
2016-08-21,510.162934,23
2016-08-28,510.162439,23
2016-09-04,509.811997,23
2016-09-11,509.811907,23
2016-09-18,509.811633,23
2016-09-25,509.811467,23
2016-10-02,509.800507,23
2016-10-09,509.800454,23
2016-10-16,509.800454,23
2016-10-23,509.800434,23
2016-10-30,509.800267,23
2016-11-06,559.800267,24
2016-11-13,559.800267,24
2016-11-20,559.788572,24
2016-11-27,559.788445,24
2016-12-04,559.788185,24
2016-12-11,559.788185,24
2016-12-18,559.788185,24
2016-12-25,559.05926,24
2017-01-01,559.05865,24
2017-01-08,559.051829,24
2017-01-15,559.051804,24
2017-01-22,559.051773,24
2017-01-29,559.051672,24
2017-02-05,559.051452,24
2017-02-12,559.05104,24
2017-02-19,559.050923,24
2017-02-26,559.050893,24
2017-03-05,556.526822,24
2017-03-12,556.52675,24
2017-03-19,556.52675,25
2017-03-26,856.489231,26
2017-04-02,862.23302,26
2017-04-09,862.229614,26
2017-04-16,862.222426,26
2017-04-23,865.622412,27
2017-04-30,888.1789220000001,28
2017-05-07,887.291567,28
2017-05-14,885.88254,28
2017-05-21,866.988494,28
2017-05-28,863.666683,28
2017-06-04,856.284333,29
2017-06-11,842.72937,30
2017-06-18,849.301729,29
2017-06-25,844.983973,29
2017-07-02,839.299131,29
2017-07-09,839.298931,30
2017-07-16,909.120374,30
2017-07-23,1008.783771,30
2017-07-30,1008.363817,30
2017-08-06,1007.362044,31
2017-08-13,1017.332178,31
2017-08-20,1017.223202,31
2017-08-27,1041.223202,31
2017-09-03,1041.222512,31
2017-09-10,1061.222512,32
2017-09-17,1061.222492,32
2017-09-24,1061.222492,32
2017-10-01,1079.622478,33
2017-10-08,1069.790011,33
2017-10-15,1069.790011,33
2017-10-22,1069.790011,33
2017-10-29,1069.789832,34
2017-11-05,1098.592035,36
2017-11-12,1156.417036,40
2017-11-19,1177.098622,43
2017-11-26,1204.898571,45
2017-12-03,1228.868311,47
2017-12-10,1235.434572,51
2017-12-17,1362.534482,53
2017-12-24,1392.884402,60
2017-12-31,1532.416133,65
2018-01-07,1551.269876,65
2018-01-14,1551.269854,65
2018-01-21,1551.269844,66
2018-01-28,1581.269844,67
2018-02-04,1601.269844,69
2018-02-11,1634.821244,70
2018-02-18,1657.821244,70
2018-02-25,1657.821234,70
2018-03-04,1657.821194,72
2018-03-11,1684.731094,75
2018-03-18,1753.830794,78
2018-03-25,1783.996538,79
2018-04-01,1805.970832,79
2018-04-08,1803.041399,79
2018-04-15,1803.040869,79
2018-04-22,1809.040859,81
2018-04-29,1812.090829,83
2018-05-06,1868.620489,83
2018-05-13,1868.620225,83
2018-05-20,1868.619927,83
2018-05-27,1868.619616,83
2018-06-03,1868.61916,85
2018-06-10,1873.568744,88
2018-06-17,1880.216116,89
2018-06-24,1883.591964,91
2018-07-01,1882.668179,93
2018-07-08,1882.191046,95
2018-07-15,1882.031491,96
2018-07-22,1916.556476,100
2018-07-29,1943.159278,103
2018-08-05,1953.717791,106
2018-08-12,1989.003507,107
2018-08-19,1992.791327,109
2018-08-26,1998.749726,109
2018-09-02,2019.364038,109
2018-09-09,1993.474752,109
2018-09-16,1993.464161,110
2018-09-23,2004.328783,110
2018-09-30,1999.277509,110
2018-10-07,1993.628257,110
2018-10-14,1993.628257,110
2018-10-21,1993.627414,111
2018-10-28,2002.139906,110
2018-11-04,1999.841118,109
2018-11-11,2012.8405,113
2018-11-18,2049.314284,116
2018-11-25,2095.800004,121
2018-12-02,2162.346909,122
2018-12-09,2165.821306,122
2018-12-16,2203.971312,127
2018-12-23,2215.060769,132
2018-12-30,2263.818751,132
2019-01-06,2258.44352,132
2019-01-13,2258.440091,132
2019-01-20,2263.528947,133
2019-01-27,2523.527413,136
2019-02-03,2531.939861,136
2019-02-10,2528.773128,138
2019-02-17,2528.773128,138
2019-02-24,2525.684283,136
2019-03-03,2529.008559,142
2019-03-10,2990.79992,148
2019-03-17,3012.519735,152
2019-03-24,3271.640278,158
2019-03-31,3526.316371,164
2019-04-07,3548.941317,169
2019-04-14,3610.808472,173
2019-04-21,3721.262986,178
2019-04-28,3721.037418,178
2019-05-05,3717.863873,177
2019-05-12,3711.86004,177
2019-05-19,3698.364624,176
2019-05-26,3688.664125,174
2019-06-02,3683.805823,175
2019-06-09,3681.992927,176
2019-06-16,3695.463011,179
2019-06-23,3701.215787,181
2019-06-30,3718.308142,182
2019-07-07,3687.132049,183
2019-07-14,3687.952667,183
2019-07-21,3692.419168,184
2019-07-28,3688.068895,185
2019-08-04,3669.565295,185
2019-08-11,3660.451592,185
2019-08-18,3636.63229,188
2019-08-25,3644.069841,191
2019-09-01,3626.080381,191
2019-09-08,3577.321241,190
2019-09-15,3442.716913,190
2019-09-22,3380.173888,191
2019-09-29,3405.64151,192
2019-10-06,3405.64151,192
2019-10-13,3386.364385,192
2019-10-20,3396.948206,196
2019-10-27,3405.977103,199
2019-11-03,3931.633497,208
2019-11-10,4343.84679,208
2019-11-17,4381.110853,211
2019-11-24,4474.544249,213
2019-12-01,4497.75637,213
2019-12-08,4523.451593,216
2019-12-15,4518.9716,220
2019-12-22,4609.841036,228
2019-12-29,4708.679711,237
2020-01-05,4785.157269,247
2020-01-12,4833.3408230000005,249
2020-01-19,4928.49152,252
2020-01-26,4924.756273,252
2020-02-02,4913.334287,251
2020-02-09,4913.334287,251
2020-02-16,4907.168957,253
2020-02-23,4915.081152,251
2020-03-01,4910.410888,252
2020-03-08,4957.164482,258
2020-03-15,4967.267342,266
2020-03-22,4965.213673,268
2020-03-29,4961.492135,266
2020-04-05,4951.115923,264
2020-04-12,4987.564364,267
2020-04-19,5067.566381,276
2020-04-26,5083.198894,279
2020-05-03,5119.134982,279
2020-05-10,5127.095816,279
2020-05-17,5126.274743,279
2020-05-24,5121.603256,278
2020-05-31,5118.760787,279
2020-06-07,5185.473615,286
2020-06-14,5226.903124,292
2020-06-21,5298.264636,296
2020-06-28,5304.727904,296
2020-07-05,5377.818005,306
2020-07-12,5385.670431,309
2020-07-19,5390.546057,312
2020-07-26,5428.979477,321
2020-08-02,5546.291007,329
2020-08-09,5592.51422,331
2020-08-16,5566.952867,332
2020-08-23,5551.696658,335
2020-08-30,5586.184873,337
2020-09-06,5546.354952,335
2020-09-13,5503.270619,329
2020-09-20,5493.639818,328
2020-09-27,5491.23058,327
2020-10-04,5464.511343,327
2020-10-11,5464.511343,327
2020-10-18,5478.687182,330
2020-10-25,5658.75206,337
2020-11-01,5745.623372,341
2020-11-08,5782.01543,349
2020-11-15,5881.280821,348
2020-11-22,5864.70007,349
2020-11-29,5730.679333,348
2020-12-06,5729.778886,351
2020-12-13,5760.033382,356
2020-12-20,6167.420616,362
2020-12-27,6172.303309,366
2021-01-03,6063.164437,366
2021-01-10,6061.257627,365
2021-01-17,6051.406516,365
2021-01-24,6044.832076,368
2021-01-31,6287.302725,372
2021-02-07,6235.939545,369
2021-02-14,6234.036858,371
2021-02-21,6235.771371,371
2021-02-28,6227.73002,371
2021-03-07,6223.626733,368
2021-03-14,6222.593731,365
2021-03-21,6240.777755,367
2021-03-28,6325.627546,373
2021-04-04,6533.995451,376
2021-04-11,6532.223162,380
2021-04-18,6790.334579,383
2021-04-25,6807.104832,384
2021-05-02,6819.114771,384
2021-05-09,6816.929787,384
2021-05-16,6783.809721,384
2021-05-23,6775.919838,382
2021-05-30,6785.81228,385
2021-06-06,6796.518392,386
2021-06-13,6829.945272,391
2021-06-20,7072.310274,392
2021-06-27,6861.999154791,393
2021-07-04,6834.799042811,392
2021-07-11,6829.813131811,394
2021-07-18,6874.213604811,395
2021-07-25,6894.110719811,396
2021-08-01,6896.816818811,396
2021-08-08,6915.546494,396
2021-08-15,6920.118838,400
2021-08-22,7071.702222,401
2021-08-29,7065.608434,402
2021-09-05,7050.235036,399
2021-09-12,7031.619823,398
2021-09-17,7011.586254,397
2021-09-24,6979.338497,395
2021-09-30,6969.211,395
2021-10-08,6969.211,395
2021-10-15,6961.15,394
2021-10-22,6936.22,395
2021-10-29,6956.28,398
2021-11-05,6995.1,398
2021-11-12,7078.86,403
2021-11-19,7071.06,402
2021-11-26,7075.91,402
2021-12-03,7081.87,403
2021-12-10,7086.88,398
2021-12-17,7092.24,399
2021-12-24,7103.11,399
2021-12-31,7627.81,402
2022-01-07,7695.55,404
2022-01-14,7682.94,402
2022-01-21,7642.78,395
2022-01-28,7637.48,404
2022-02-13,7618.13,392
2022-02-20,7568.79,406
2022-02-27,7656.0,409
2022-03-06,7810.8,412
2022-03-11,7793.9,406
2022-03-18,7788.47,392
2022-03-25,8020.81,396
2022-04-01,8044.75,397
2022-04-08,8029.06,400
2022-04-15,8015.21,403
2022-04-22,8071.3,420
2022-04-29,8128.46,408
2022-05-06,8128.36,407
2022-05-13,8125.49,413
2022-05-20,8112.16,410
2022-05-27,8145.22,416
2022-06-02,8245.27,428
2022-06-10,7538.7,442
2022-06-17,7598.8,443
2022-06-24,7654.04,448
2022-07-01,7681.84,448
2022-07-08,7703.52,446
2022-07-15,7713.34,447
2022-07-22,7762.7,453
2022-07-29,7757.57,452
2022-08-07,7787.56,455
2022-08-12,7809.43,459
2022-08-19,7827.32,461
2022-08-26,7727.16,447
2022-09-02,7726.94,446
2022-09-09,7753.13,450
2022-09-16,7754.75,450
2022-09-23,7748.13,447
2022-09-30,7749.99,447
2022-10-14,7742.15,445
2022-10-21,7760.6,448
2022-10-28,7858.87,451
2022-11-04,7924.0,457
2022-11-11,7958.79,461
2022-11-18,8010.34,463
2022-11-25,8090.37,470
2022-12-02,8102.76,472
2022-12-09,8106.91,471
2022-12-16,8132.81,473
2022-12-23,8176.92,478
2022-12-30,8295.49,478
2023-01-06,8290.4,477
2023-01-13,8411.19,494
2023-01-20,8411.19,494
2023-02-05,8402.01,490
2023-02-12,8398.12,490
2023-02-19,8493.61,492
2023-02-26,8513.71,494
2023-03-05,8542.497666,499
2023-03-12,8564.7328,501
2023-03-19,8383.46,501
2023-03-26,8460.6,504
2023-04-02,8496.03,508
2023-04-09,8507.4,509
2023-04-16,8578.4,517
2023-04-23,8675.86,518
2023-04-30,8655.9,518
2023-05-07,8698.8,518
2023-05-14,8566.07,515
2023-05-21,8510.66,504
2023-05-28,8555.0,513
2023-06-04,8550.14,512
2023-06-11,8503.8,508
2023-06-18,8812.4,508
2023-06-25,8810.80216,510
2023-07-02,8598.09,517
2023-07-09,8552.66,521
2023-07-16,8545.08,522
2023-07-23,8682.29,532
2023-07-30,8978.63912599999,537
2023-08-06,8768.33,544
2023-08-13,9018.8,542
2023-08-20,8810.51,550
2023-08-27,8825.16,552
2023-09-01,8809.68,551
2023-09-08,8771.7,553
2023-09-15,8765.63,557
2023-09-22,8762.31,559
2023-09-29,8751.21,559
2023-10-20,8752.61,565
2023-10-27,8776.61,569
2023-11-03,8761.83,567
2023-11-10,8762.73,568
2023-11-17,8751.27,567
2023-11-24,8741.67,567
2023-12-01,8713.61,566
2023-12-08,8684.33,564
2023-12-15,8662.62,565
2023-12-22,8913.85,551
2023-12-29,8800.41,548
2024-01-05,8772.5,548
2024-01-14,8876.5,549
2024-01-19,8777.9,550
2024-01-26,8820.5,553
2024-02-02,8749.5975737606,552
2024-02-08,8683.0738327606,548
2024-02-23,8639.25848176061,552
2024-03-01,8632.69,552
2024-03-08,8605.8005687606,551
2024-03-15,8505.5152027606,548
2024-03-22,8488.7,548
2024-03-31,8480.1811677606,547
2024-04-03,8080.80675100061,546
2024-04-12,8065.81996636061,541
2024-04-19,8045.4,539
2024-04-26,8044.4387483606,540
2024-04-30,8048.0829263606,541
2024-05-10,8044.48994436059,539
2024-05-17,8050.6947783606,540
2024-05-24,8043.98704236059,540
2024-05-31,8042.6,539
2024-06-07,8036.2,539
2024-06-14,8029.4605693606,537
2024-06-21,8024.2476673606,536
2024-06-28,8105.9103193606,536
2024-07-05,7959.87102405461,533
2024-07-12,7980.69804305461,533
2024-07-19,7976.55597605461,531
2024-07-26,7978.4,531
2024-08-02,7969.8127672146,530
2024-08-09,7963.9140232146,531
2024-08-16,7966.67630217461,531
2024-08-23,7823.0,530
2024-08-30,7792.32277605461,531
2024-09-06,7838.4712810546,535
2024-09-13,7842.5934750546,537
2024-09-20,7838.7496570546,537
2024-09-27,7794.3258670546,537
2024-09-30,7783.2650830546,537
2024-10-11,7711.0998502924,537
2024-10-18,7660.3742232924,536
2024-10-25,7616.5951972924,536
2024-11-01,7667.38816585241,536
2024-11-08,7588.2762628524,535
2024-11-15,7427.5334492924,538
2024-11-22,7433.1093672924,536
2024-11-29,7482.9895818524,537
2024-12-06,7393.4148092924,534
2024-12-13,7324.3979332924,526
2024-12-20,7386.3049268524,521
2024-12-27,7344.8097708524,514
2025-01-03,7222.0186972162,512
2025-01-10,7304.9189357762,510
2025-01-19,7149.5347422162,509
2025-01-24,7224.12776877621,506
2025-01-27,7115.6541722162,505
2025-02-07,7201.0412387762,505
2025-02-14,7077.2197062162,504
2025-02-21,7042.4449492162,502
2025-02-28,6995.78558121619,502
2025-03-07,6963.74922321621,499
2025-03-14,6925.44151521621,496
2025-03-21,6882.52028521621,493
2025-03-28,6951.22676477621,493
2025-04-03,6855.6098117866,489
2025-04-11,6969.98051834661,486
2025-04-18,6987.95139434661,483
2025-04-25,6991.85163334661,480
2025-04-30,6986.57933034661,480
2025-05-09,6964.54795334661,478
2025-05-16,6870.57044434661,478
2025-05-23,6841.69004039561,476
2025-05-30,6762.50106339561,474
2025-06-06,6741.9799743956,474
2025-06-13,6719.3879733466,473
2025-06-20,6612.2310047866,475
2025-06-27,6648.7636123466,471
2025-07-04,6523.35490186691,472
2025-07-11,6491.47368386691,473
2025-07-18,6455.1834258669,475
2025-07-25,6479.0177178669,473
2025-08-01,6465.8637678669,468
2025-08-08,6421.4102728669,466
2025-08-15,6369.8084118669,461
2025-08-22,6334.6263888669,455
2025-08-29,6285.0504058669,449
2025-09-05,6285.0504058669,447
2025-09-12,6167.6701978669,441
2025-09-19,6090.7298488669,438
2025-09-26,6027.2601628669,433
2025-09-30,5981.8519488669,430
2025-10-10,5965.95857286689,426
2025-10-17,5754.5720078669,418
2025-10-24,5673.8893408669,414
2025-10-31,5687.7779818669,410
2025-11-07,5643.4211748669,408
2025-11-14,5589.02899856,402
2025-11-21,5559.47259756,401
2025-11-28,5532.13982156,403
2025-12-05,5491.80683755999,399
2025-12-12,5482.53373055999,398
2025-12-19,5459.31621055999,396
2025-12-26,5422.02457855999,388
2025-12-31,5437.17298956,387
2026-01-09,5417.12545156,385
2026-01-16,5419.15513956,387
2026-01-23,5391.61668256,383
2026-01-30,5376.28889556,380
2026-02-06,5369.78,379
2026-02-12,5327.72,378
2026-02-27,5295.66436556,374
2026-03-06,5252.49,372
2026-03-13,5209.24714756,366
2026-03-20,5068.790303,365
2026-03-27,5117.69669556,360
2026-04-03,5067.92546156,354
2026-04-10,5037.208047559998,349
2026-04-17,5102.672193119997,345
2026-04-24,5066.390311119994,340
2026-04-30,4945.696557559998,337
2026-05-08,4934.37377256,336
2026-05-15,4945.91783456,337
2026-05-22,4927.269824560003,334
2026-05-29,4870.269156559995,330
2026-06-05,4831.83569456,326
2026-06-12,4797.84843356,320
2026-06-18,4783.55583055999,319
2026-06-26,4769.560083559995,313
2026-07-03,4703.1622355599975,313
2026-07-10,4721.690555559999,313
2026-07-17,4829.675453559996,314
2026-07-24,4708.90348236,315
2026-07-31,4709.970005559998,309
